,precision,recall,f1-score,support,Groupe
A.J. Lawson,0.0,0.0,0.0,0.0,Faible
AJ Green,0.0,0.0,0.0,0.0,Faible
AJ Griffin,0.0,0.0,0.0,1.0,Faible
AJ Hammons,0.0,0.0,0.0,0.0,Faible
AJ Price,0.0,0.0,0.0,0.0,Faible
Aaron Brooks,0.0,0.0,0.0,0.0,Faible
Aaron Gordon,0.25,0.5,0.3333333333333333,4.0,Faible
Aaron Gray,0.0,0.0,0.0,0.0,Faible
Aaron Harrison,0.0,0.0,0.0,2.0,Faible
Aaron Henry,0.0,0.0,0.0,0.0,Faible
Aaron Holiday,0.0,0.0,0.0,1.0,Faible
Aaron Jackson,0.0,0.0,0.0,1.0,Faible
Aaron Nesmith,0.0,0.0,0.0,0.0,Faible
Aaron Wiggins,0.0,0.0,0.0,0.0,Faible
Abdel Nader,0.14285714285714285,1.0,0.25,1.0,Faible
Adam Mokoka,0.0,0.0,0.0,1.0,Faible
Ade Murkey,0.0,0.0,0.0,0.0,Faible
Admiral Schofield,0.0,0.0,0.0,0.0,Faible
Adonis Thomas,0.0,0.0,0.0,1.0,Faible
Adreian Payne,0.0,0.0,0.0,2.0,Faible
Ahmad Caver,0.0,0.0,0.0,1.0,Faible
Al Harrington,0.0,0.0,0.0,0.0,Faible
Al Horford,0.15384615384615385,1.0,0.2666666666666667,2.0,Faible
Al Jefferson,0.0,0.0,0.0,0.0,Faible
Al-Farouq Aminu,0.5,0.3333333333333333,0.4,3.0,Faible
Alan Anderson,0.2,0.5,0.28571428571428575,2.0,Faible
Alan Williams,0.16666666666666666,1.0,0.2857142857142857,1.0,Faible
Alec Burks,0.0625,0.2,0.09523809523809523,5.0,Faible
Alec Peters,0.0,0.0,0.0,0.0,Faible
Aleksej Pokusevski,0.0,0.0,0.0,1.0,Faible
Alen Smailagic,0.0,0.0,0.0,0.0,Faible
Alex Abrines,0.3333333333333333,1.0,0.5,1.0,Faible
Alex Caruso,0.0,0.0,0.0,1.0,Faible
Alex Kirk,0.0,0.0,0.0,0.0,Faible
Alex Len,0.0,0.0,0.0,0.0,Faible
Alex Poythress,0.0,0.0,0.0,1.0,Faible
Alex Stepheson,0.0,0.0,0.0,0.0,Faible
Alexey Shved,0.0,0.0,0.0,0.0,Faible
Alexis Ajinca,0.25,0.5,0.3333333333333333,2.0,Faible
Alfonzo McKinnie,0.0,0.0,0.0,0.0,Faible
Alize Johnson,0.0,0.0,0.0,4.0,Faible
Allen Crabbe,0.14285714285714285,0.5,0.22222222222222224,2.0,Faible
Allonzo Trier,0.0,0.0,0.0,1.0,Faible
Alondes Williams,0.0,0.0,0.0,1.0,Faible
Alonzo Gee,0.0,0.0,0.0,2.0,Faible
Amar'e Stoudemire,1.0,1.0,1.0,1.0,Fort
Amida Brimah,0.0,0.0,0.0,1.0,Faible
Amile Jefferson,0.0,0.0,0.0,1.0,Faible
Amir Coffey,0.0,0.0,0.0,3.0,Faible
Amir Johnson,0.125,0.5,0.2,2.0,Faible
Anderson Varejao,0.0,0.0,0.0,1.0,Faible
Andray Blatche,0.0,0.0,0.0,0.0,Faible
Andre Dawkins,0.0,0.0,0.0,0.0,Faible
Andre Drummond,1.0,0.5714285714285714,0.7272727272727273,7.0,Fort
Andre Iguodala,0.0,0.0,0.0,3.0,Faible
Andre Miller,0.0,0.0,0.0,1.0,Faible
Andre Roberson,0.0,0.0,0.0,3.0,Faible
Andrei Kirilenko,0.0,0.0,0.0,1.0,Faible
Andrew Bogut,0.5,0.3333333333333333,0.4,3.0,Faible
Andrew Bynum,0.0,0.0,0.0,0.0,Faible
Andrew Goudelock,0.0,0.0,0.0,2.0,Faible
Andrew Harrison,0.0,0.0,0.0,1.0,Faible
Andrew Nembhard,0.0,0.0,0.0,0.0,Faible
Andrew Nicholson,0.0,0.0,0.0,4.0,Faible
Andrew White III,0.0,0.0,0.0,1.0,Faible
Andrew Wiggins,0.5,0.3333333333333333,0.4,3.0,Faible
Andris Biedrins,0.0,0.0,0.0,1.0,Faible
Anfernee Simons,0.0,0.0,0.0,1.0,Faible
Angel Delgado,0.0,0.0,0.0,1.0,Faible
Antawn Jamison,0.0,0.0,0.0,1.0,Faible
Ante Zizic,0.0,0.0,0.0,1.0,Faible
Anthony Bennett,0.0,0.0,0.0,1.0,Faible
Anthony Brown,0.0,0.0,0.0,3.0,Faible
Anthony Davis,0.0,0.0,0.0,2.0,Faible
Anthony Edwards,0.0,0.0,0.0,0.0,Faible
Anthony Gill,0.0,0.0,0.0,0.0,Faible
Anthony Lamb,0.0,0.0,0.0,2.0,Faible
Anthony Morrow,0.0,0.0,0.0,0.0,Faible
Anthony Randolph,0.0,0.0,0.0,1.0,Faible
Anthony Tolliver,0.25,0.5,0.3333333333333333,4.0,Faible
Antonio Blakeney,0.0,0.0,0.0,1.0,Faible
Antonius Cleveland,0.0,0.0,0.0,0.0,Faible
Anzejs Pasecniks,0.0,0.0,0.0,0.0,Faible
Archie Goodwin,0.0,0.0,0.0,2.0,Faible
Arinze Onuaku,0.0,0.0,0.0,1.0,Faible
Armoni Brooks,0.0,0.0,0.0,0.0,Faible
Arnett Moultrie,0.0,0.0,0.0,0.0,Faible
Arnoldas Kulboka,0.0,0.0,0.0,0.0,Faible
Aron Baynes,0.16666666666666666,1.0,0.2857142857142857,2.0,Faible
Arron Afflalo,0.0,0.0,0.0,4.0,Faible
Austin Daye,0.0,0.0,0.0,1.0,Faible
Austin Reaves,0.0,0.0,0.0,0.0,Faible
Austin Rivers,0.3,0.5,0.37499999999999994,6.0,Faible
Avery Bradley,0.0,0.0,0.0,4.0,Faible
Axel Toupane,0.0,0.0,0.0,0.0,Faible
Ayo Dosunmu,0.0,0.0,0.0,0.0,Faible
BJ Johnson,0.0,0.0,0.0,2.0,Faible
Bam Adebayo,0.0,0.0,0.0,5.0,Faible
Ben Bentil,0.0,0.0,0.0,1.0,Faible
Ben Gordon,0.0,0.0,0.0,1.0,Faible
Ben Hansbrough,0.0,0.0,0.0,0.0,Faible
Ben McLemore,0.0,0.0,0.0,1.0,Faible
Ben Moore,0.0,0.0,0.0,0.0,Faible
Ben Simmons,1.0,1.0,1.0,2.0,Fort
Beno Udrih,0.0,0.0,0.0,1.0,Faible
Bernard James,0.0,0.0,0.0,1.0,Faible
Billy Garrett,0.0,0.0,0.0,0.0,Faible
Bismack Biyombo,0.0,0.0,0.0,1.0,Faible
Blake Griffin,0.06666666666666667,0.3333333333333333,0.1111111111111111,3.0,Faible
Blake Wesley,0.0,0.0,0.0,0.0,Faible
Boban Marjanovic,0.4,0.6666666666666666,0.5,3.0,Faible
Bobby Brown,0.0,0.0,0.0,1.0,Faible
Bobby Portis,0.0,0.0,0.0,2.0,Faible
Bogdan Bogdanovic,0.0,0.0,0.0,1.0,Faible
Bojan Bogdanovic,0.2,1.0,0.33333333333333337,2.0,Faible
Bol Bol,0.0,0.0,0.0,1.0,Faible
Bonzie Colson,0.0,0.0,0.0,0.0,Faible
Boris Diaw,0.5,0.5,0.5,2.0,Faible
Brad Wanamaker,0.0,0.0,0.0,1.0,Faible
Bradley Beal,0.1,0.5,0.16666666666666669,2.0,Faible
Brandan Wright,0.16666666666666666,1.0,0.2857142857142857,1.0,Faible
Branden Dawson,0.0,0.0,0.0,0.0,Faible
Brandon Bass,0.0,0.0,0.0,0.0,Faible
Brandon Boston Jr.,0.0,0.0,0.0,1.0,Faible
Brandon Clarke,0.0,0.0,0.0,2.0,Faible
Brandon Davies,0.0,0.0,0.0,0.0,Faible
Brandon Goodwin,0.0,0.0,0.0,0.0,Faible
Brandon Ingram,0.5,0.2,0.28571428571428575,5.0,Faible
Brandon Jennings,0.0,0.0,0.0,1.0,Faible
Brandon Knight,0.0,0.0,0.0,2.0,Faible
Brandon Paul,0.0,0.0,0.0,0.0,Faible
Brandon Rush,0.0,0.0,0.0,2.0,Faible
Brandon Sampson,0.0,0.0,0.0,0.0,Faible
Brandon Williams,0.0,0.0,0.0,0.0,Faible
Braxton Key,0.0,0.0,0.0,0.0,Faible
Brian Bowen II,0.0,0.0,0.0,1.0,Faible
Brian Roberts,0.25,1.0,0.4,1.0,Faible
Briante Weber,0.0,0.0,0.0,0.0,Faible
Brice Johnson,0.0,0.0,0.0,0.0,Faible
Brodric Thomas,0.0,0.0,0.0,1.0,Faible
Brook Lopez,0.25,0.5,0.3333333333333333,4.0,Faible
Bruce Brown,0.0,0.0,0.0,2.0,Faible
Bruno Caboclo,0.0,0.0,0.0,1.0,Faible
Bruno Fernando,0.0,0.0,0.0,2.0,Faible
Bryce Cotton,0.0,0.0,0.0,1.0,Faible
Bryce Dejean-Jones,0.0,0.0,0.0,1.0,Faible
Bryce McGowens,0.0,0.0,0.0,0.0,Faible
Bryn Forbes,0.0,0.0,0.0,0.0,Faible
Buddy Boeheim,0.0,0.0,0.0,1.0,Faible
Buddy Hield,0.2,1.0,0.33333333333333337,2.0,Faible
Byron Mullens,0.0,0.0,0.0,1.0,Faible
C.J. Watson,0.0,0.0,0.0,3.0,Faible
C.J. Wilcox,0.0,0.0,0.0,0.0,Faible
CJ Elleby,0.0,0.0,0.0,1.0,Faible
CJ McCollum,0.0,0.0,0.0,4.0,Faible
CJ Miles,0.0,0.0,0.0,3.0,Faible
Cade Cunningham,0.0,0.0,0.0,0.0,Faible
Caleb Houstan,0.0,0.0,0.0,1.0,Faible
Caleb Martin,0.0,0.0,0.0,0.0,Faible
Caleb Swanigan,0.0,0.0,0.0,0.0,Faible
Cam Reddish,0.0,0.0,0.0,3.0,Faible
Cam Reynolds,0.0,0.0,0.0,0.0,Faible
Cam Thomas,0.0,0.0,0.0,2.0,Faible
Cameron Bairstow,0.0,0.0,0.0,0.0,Faible
Cameron Johnson,0.0,0.0,0.0,2.0,Faible
Cameron McGriff,0.0,0.0,0.0,0.0,Faible
Cameron Oliver,0.0,0.0,0.0,0.0,Faible
Cameron Payne,0.0,0.0,0.0,1.0,Faible
Caris LeVert,0.14285714285714285,0.5,0.22222222222222224,2.0,Faible
Carl Landry,0.0,0.0,0.0,2.0,Faible
Carlik Jones,0.0,0.0,0.0,1.0,Faible
Carlos Boozer,0.0,0.0,0.0,0.0,Faible
Carlos Delfino,0.0,0.0,0.0,1.0,Faible
Carmelo Anthony,0.0,0.0,0.0,4.0,Faible
Caron Butler,0.0,0.0,0.0,1.0,Faible
Carrick Felix,0.0,0.0,0.0,1.0,Faible
Carsen Edwards,0.0,0.0,0.0,2.0,Faible
Cartier Martin,0.0,0.0,0.0,1.0,Faible
Casper Ware,0.0,0.0,0.0,0.0,Faible
Cassius Stanley,0.0,0.0,0.0,1.0,Faible
Cassius Winston,0.0,0.0,0.0,0.0,Faible
Cedi Osman,0.0,0.0,0.0,2.0,Faible
Chandler Hutchison,0.0,0.0,0.0,1.0,Faible
Chandler Parsons,0.16666666666666666,0.25,0.2,4.0,Faible
Channing Frye,0.3333333333333333,1.0,0.5,1.0,Faible
Charles Bassey,0.0,0.0,0.0,0.0,Faible
Charles Cooke,0.0,0.0,0.0,1.0,Faible
Charlie Brown Jr.,0.0,0.0,0.0,1.0,Faible
Charlie Villanueva,0.0,0.0,0.0,0.0,Faible
Chase Budinger,0.0,0.0,0.0,1.0,Faible
Chasson Randle,0.0,0.0,0.0,3.0,Faible
Chauncey Billups,0.0,0.0,0.0,1.0,Faible
Chaundee Brown Jr.,0.0,0.0,0.0,1.0,Faible
Cheick Diallo,0.0,0.0,0.0,2.0,Faible
Chimezie Metu,0.0,0.0,0.0,1.0,Faible
Chinanu Onuaku,0.0,0.0,0.0,1.0,Faible
Chris Andersen,0.0,0.0,0.0,1.0,Faible
Chris Bosh,0.3333333333333333,1.0,0.5,1.0,Faible
Chris Boucher,0.0,0.0,0.0,1.0,Faible
Chris Chiozza,0.0,0.0,0.0,1.0,Faible
Chris Copeland,0.0,0.0,0.0,1.0,Faible
Chris Douglas-Roberts,0.0,0.0,0.0,1.0,Faible
Chris Duarte,0.0,0.0,0.0,0.0,Faible
Chris Duhon,0.0,0.0,0.0,0.0,Faible
Chris Johnson,0.0,0.0,0.0,2.0,Faible
Chris Kaman,0.0,0.0,0.0,2.0,Faible
Chris McCullough,0.0,0.0,0.0,0.0,Faible
Chris Paul,0.6,1.0,0.7499999999999999,3.0,Moyen
Chris Quinn,0.0,0.0,0.0,0.0,Faible
Chris Silva,0.0,0.0,0.0,1.0,Faible
Chris Singleton,0.0,0.0,0.0,0.0,Faible
Chris Wright,0.0,0.0,0.0,1.0,Faible
Christian Braun,0.0,0.0,0.0,0.0,Faible
Christian Wood,0.0,0.0,0.0,1.0,Faible
Chuck Hayes,0.0,0.0,0.0,4.0,Faible
Chuma Okeke,0.0,0.0,0.0,0.0,Faible
Cleanthony Early,0.0,0.0,0.0,0.0,Faible
Cliff Alexander,0.0,0.0,0.0,1.0,Faible
Clint Capela,0.14285714285714285,1.0,0.25,1.0,Faible
Coby White,0.0,0.0,0.0,2.0,Faible
Cody Martin,0.0,0.0,0.0,2.0,Faible
Cody Zeller,0.3333333333333333,0.25,0.28571428571428575,4.0,Faible
Cole Aldrich,0.0,0.0,0.0,3.0,Faible
Cole Anthony,0.0,0.0,0.0,1.0,Faible
Cole Swider,0.0,0.0,0.0,1.0,Faible
Collin Sexton,0.3333333333333333,0.5,0.4,2.0,Faible
Corey Brewer,0.0,0.0,0.0,2.0,Faible
Corey Kispert,0.0,0.0,0.0,1.0,Faible
Cory Higgins,0.0,0.0,0.0,0.0,Faible
Cory Jefferson,0.0,0.0,0.0,1.0,Faible
Cory Joseph,0.0,0.0,0.0,3.0,Faible
Coty Clarke,0.0,0.0,0.0,1.0,Faible
Courtney Lee,0.25,0.6666666666666666,0.36363636363636365,3.0,Faible
Craig Sword,0.0,0.0,0.0,0.0,Faible
Cristiano Felicio,0.0,0.0,0.0,1.0,Faible
D'Angelo Russell,0.5,0.3333333333333333,0.4,3.0,Faible
D.J. Augustin,0.0,0.0,0.0,5.0,Faible
D.J. Wilson,0.0,0.0,0.0,3.0,Faible
DJ Stephens,0.0,0.0,0.0,0.0,Faible
DJ White,0.0,0.0,0.0,0.0,Faible
DaJuan Summers,0.0,0.0,0.0,0.0,Faible
DaQuan Jeffries,0.0,0.0,0.0,1.0,Faible
Dahntay Jones,0.0,0.0,0.0,1.0,Faible
Dairis Bertans,0.0,0.0,0.0,1.0,Faible
Dakota Mathias,0.0,0.0,0.0,1.0,Faible
Damian Jones,0.0,0.0,0.0,3.0,Faible
Damian Lillard,0.5,0.6666666666666666,0.5714285714285715,3.0,Faible
Damien Inglis,0.0,0.0,0.0,0.0,Faible
Damien Wilkins,0.0,0.0,0.0,0.0,Faible
Damion James,0.0,0.0,0.0,0.0,Faible
Damion Lee,0.0,0.0,0.0,3.0,Faible
Damjan Rudez,0.0,0.0,0.0,1.0,Faible
Damyean Dotson,0.125,1.0,0.2222222222222222,1.0,Faible
Daniel Gafford,0.3333333333333333,0.5,0.4,2.0,Faible
Daniel Hamilton,0.0,0.0,0.0,1.0,Faible
Daniel Orton,0.0,0.0,0.0,1.0,Faible
Daniel Oturu,0.0,0.0,0.0,1.0,Faible
Daniel Theis,0.0,0.0,0.0,1.0,Faible
Danilo Gallinari,0.0,0.0,0.0,5.0,Faible
Danny Granger,0.0,0.0,0.0,0.0,Faible
Danny Green,0.5,0.5,0.5,4.0,Faible
Dante Cunningham,0.0,0.0,0.0,3.0,Faible
Dante Exum,0.0,0.0,0.0,2.0,Faible
Danuel House Jr.,0.0,0.0,0.0,2.0,Faible
Dario Saric,0.0,0.0,0.0,1.0,Faible
Darius Bazley,0.0,0.0,0.0,1.0,Faible
Darius Days,0.0,0.0,0.0,0.0,Faible
Darius Garland,0.5,1.0,0.6666666666666666,2.0,Faible
Darius Johnson-Odom,0.0,0.0,0.0,0.0,Faible
Darius Miller,0.0,0.0,0.0,3.0,Faible
Darius Morris,0.0,0.0,0.0,1.0,Faible
Darko Milicic,0.0,0.0,0.0,0.0,Faible
Darrell Arthur,0.0,0.0,0.0,0.0,Faible
Darren Collison,0.2222222222222222,0.6666666666666666,0.3333333333333333,3.0,Faible
Darrun Hilliard,0.0,0.0,0.0,0.0,Faible
Daryl Macon,0.0,0.0,0.0,0.0,Faible
David Duke Jr.,0.0,0.0,0.0,1.0,Faible
David Lee,0.0,0.0,0.0,1.0,Faible
David Nwaba,0.0,0.0,0.0,2.0,Faible
David Roddy,0.0,0.0,0.0,1.0,Faible
David Stockton,0.0,0.0,0.0,1.0,Faible
David West,0.3333333333333333,1.0,0.5,1.0,Faible
Davis Bertans,0.0,0.0,0.0,2.0,Faible
Davon Reed,0.0,0.0,0.0,1.0,Faible
Day'Ron Sharpe,0.0,0.0,0.0,1.0,Faible
De'Aaron Fox,0.25,0.5,0.3333333333333333,2.0,Faible
De'Andre Hunter,0.0,0.0,0.0,3.0,Faible
De'Anthony Melton,0.0,0.0,0.0,0.0,Faible
DeAndre Jordan,0.4,0.4,0.4000000000000001,5.0,Faible
DeAndre Liggins,0.5,0.3333333333333333,0.4,3.0,Faible
DeAndre' Bembry,0.0,0.0,0.0,1.0,Faible
DeJon Jarreau,0.0,0.0,0.0,1.0,Faible
DeJuan Blair,0.0,0.0,0.0,0.0,Faible
DeMar DeRozan,0.0,0.0,0.0,3.0,Faible
DeMarcus Cousins,0.0,0.0,0.0,2.0,Faible
DeMarre Carroll,0.0,0.0,0.0,2.0,Faible
DeQuan Jones,0.0,0.0,0.0,1.0,Faible
Dean Wade,0.0,0.0,0.0,0.0,Faible
Deandre Ayton,0.0,0.0,0.0,1.0,Faible
Deividas Sirvydis,0.0,0.0,0.0,1.0,Faible
Dejounte Murray,0.0,0.0,0.0,0.0,Faible
Delon Wright,0.5,0.2,0.28571428571428575,5.0,Faible
Demetrius Jackson,0.0,0.0,0.0,1.0,Faible
Deng Adel,0.0,0.0,0.0,0.0,Faible
Deni Avdija,0.0,0.0,0.0,2.0,Faible
Dennis Schroder,0.14285714285714285,0.3333333333333333,0.2,3.0,Faible
Dennis Smith Jr.,0.0,0.0,0.0,3.0,Faible
Denzel Valentine,0.0,0.0,0.0,0.0,Faible
Deonte Burton,0.0,0.0,0.0,1.0,Faible
Derek Fisher,0.0,0.0,0.0,1.0,Faible
Dereon Seabron,0.0,0.0,0.0,0.0,Faible
Deron Williams,0.0,0.0,0.0,1.0,Faible
Derrick Favors,0.125,0.2,0.15384615384615385,5.0,Faible
Derrick Jones Jr.,0.5,0.4,0.4444444444444445,5.0,Faible
Derrick Rose,0.0,0.0,0.0,4.0,Faible
Derrick Walton Jr.,0.0,0.0,0.0,1.0,Faible
Derrick White,0.0,0.0,0.0,3.0,Faible
Derrick Williams,0.0,0.0,0.0,4.0,Faible
Desmond Bane,0.0,0.0,0.0,2.0,Faible
Devin Booker,0.3333333333333333,0.3333333333333333,0.3333333333333333,3.0,Faible
Devin Cannady,0.0,0.0,0.0,1.0,Faible
Devin Ebanks,0.0,0.0,0.0,0.0,Faible
Devin Harris,0.1,1.0,0.18181818181818182,1.0,Faible
Devin Robinson,0.0,0.0,0.0,1.0,Faible
Devin Vassell,0.0,0.0,0.0,1.0,Faible
Devon Dotson,0.0,0.0,0.0,1.0,Faible
Devon Hall,0.0,0.0,0.0,0.0,Faible
Devontae Cacok,0.0,0.0,0.0,1.0,Faible
Devonte' Graham,0.0,0.0,0.0,1.0,Faible
Devyn Marble,0.0,0.0,0.0,1.0,Faible
Dewan Hernandez,0.0,0.0,0.0,1.0,Faible
Dewayne Dedmon,0.0,0.0,0.0,3.0,Faible
Deyonta Davis,0.0,0.0,0.0,0.0,Faible
Didi Louzada,0.0,0.0,0.0,1.0,Faible
Dillon Brooks,0.0,0.0,0.0,4.0,Faible
Dion Waiters,0.0,0.0,0.0,3.0,Faible
Dionte Christmas,0.0,0.0,0.0,0.0,Faible
Dirk Nowitzki,0.5,1.0,0.6666666666666666,1.0,Faible
Domantas Sabonis,0.4,0.6666666666666666,0.5,3.0,Faible
Donald Sloan,0.0,0.0,0.0,1.0,Faible
Donatas Motiejunas,0.0,0.0,0.0,1.0,Faible
Donovan Mitchell,0.0,0.0,0.0,2.0,Faible
Donta Hall,0.0,0.0,0.0,1.0,Faible
Donte DiVincenzo,0.0,0.0,0.0,1.0,Faible
Donte Grantham,0.0,0.0,0.0,0.0,Faible
Dorell Wright,0.0,0.0,0.0,0.0,Faible
Dorian Finney-Smith,0.0,0.0,0.0,2.0,Faible
Doron Lamb,0.0,0.0,0.0,1.0,Faible
Doug McDermott,0.0,0.0,0.0,3.0,Faible
Dragan Bender,0.0,0.0,0.0,2.0,Faible
Draymond Green,1.0,0.5,0.6666666666666666,4.0,Fort
Drew Eubanks,0.0,0.0,0.0,2.0,Faible
Drew Gooden,0.0,0.0,0.0,1.0,Faible
Drew Gordon,0.0,0.0,0.0,1.0,Faible
Dru Smith,0.0,0.0,0.0,0.0,Faible
Duane Washington Jr.,0.0,0.0,0.0,0.0,Faible
Duncan Robinson,0.0,0.0,0.0,0.0,Faible
Dwayne Bacon,0.0,0.0,0.0,1.0,Faible
Dwight Buycks,0.0,0.0,0.0,2.0,Faible
Dwight Howard,0.25,0.5,0.3333333333333333,2.0,Faible
Dwight Powell,0.0,0.0,0.0,0.0,Faible
Dwyane Wade,0.0,0.0,0.0,1.0,Faible
Dylan Windler,0.0,0.0,0.0,0.0,Faible
Dyson Daniels,0.0,0.0,0.0,1.0,Faible
Dzanan Musa,0.0,0.0,0.0,1.0,Faible
E'Twaun Moore,0.0,0.0,0.0,0.0,Faible
Earl Barron,0.0,0.0,0.0,0.0,Faible
Earl Clark,0.0,0.0,0.0,1.0,Faible
Ed Davis,0.16666666666666666,0.3333333333333333,0.2222222222222222,3.0,Faible
Edmond Sumner,0.0,0.0,0.0,1.0,Faible
Edy Tavares,0.0,0.0,0.0,0.0,Faible
Ekpe Udoh,0.0,0.0,0.0,4.0,Faible
Elfrid Payton,0.0,0.0,0.0,6.0,Faible
Elie Okobo,0.0,0.0,0.0,0.0,Faible
Elijah Hughes,0.0,0.0,0.0,1.0,Faible
Elijah Millsap,0.0,0.0,0.0,1.0,Faible
Elliot Williams,0.0,0.0,0.0,0.0,Faible
Elton Brand,0.3333333333333333,1.0,0.5,1.0,Faible
Emanuel Terry,0.0,0.0,0.0,1.0,Faible
Emeka Okafor,0.0,0.0,0.0,1.0,Faible
Emmanuel Mudiay,0.16666666666666666,0.5,0.25,2.0,Faible
Enes Freedom,0.5,0.3333333333333333,0.4,3.0,Faible
Eric Bledsoe,0.0,0.0,0.0,2.0,Faible
Eric Gordon,0.0,0.0,0.0,1.0,Faible
Eric Maynor,0.0,0.0,0.0,1.0,Faible
Eric Mika,0.0,0.0,0.0,0.0,Faible
Eric Moreland,0.0,0.0,0.0,1.0,Faible
Eric Paschall,0.0,0.0,0.0,1.0,Faible
Erick Green,0.0,0.0,0.0,1.0,Faible
Ersan Ilyasova,0.0,0.0,0.0,4.0,Faible
Evan Fournier,0.0,0.0,0.0,4.0,Faible
Evan Mobley,0.0,0.0,0.0,0.0,Faible
Evan Turner,0.0,0.0,0.0,2.0,Faible
Fab Melo,0.0,0.0,0.0,1.0,Faible
Feron Hunt,0.0,0.0,0.0,1.0,Faible
Frank Jackson,0.0,0.0,0.0,1.0,Faible
Frank Kaminsky,0.0,0.0,0.0,2.0,Faible
Frank Mason III,0.0,0.0,0.0,1.0,Faible
Frank Ntilikina,0.0,0.0,0.0,3.0,Faible
Fred VanVleet,0.2,0.3333333333333333,0.25,3.0,Faible
Freddie Gillespie,0.0,0.0,0.0,1.0,Faible
Furkan Aldemir,0.0,0.0,0.0,0.0,Faible
Furkan Korkmaz,0.0,0.0,0.0,0.0,Faible
Gabe Vincent,0.0,0.0,0.0,1.0,Faible
Gabe York,0.0,0.0,0.0,1.0,Faible
Gabriel Deck,0.0,0.0,0.0,0.0,Faible
Gabriel Lundberg,0.0,0.0,0.0,1.0,Faible
Gal Mekel,0.0,0.0,0.0,0.0,Faible
Garrett Temple,0.4,0.4,0.4000000000000001,5.0,Faible
Garrison Mathews,0.0,0.0,0.0,2.0,Faible
Gary Harris,0.0,0.0,0.0,3.0,Faible
Gary Neal,0.0,0.0,0.0,1.0,Faible
Gary Payton II,0.0,0.0,0.0,1.0,Faible
Gary Trent Jr.,0.0,0.0,0.0,1.0,Faible
George Hill,0.0,0.0,0.0,4.0,Faible
George King,0.0,0.0,0.0,0.0,Faible
Georges Niang,0.0,0.0,0.0,2.0,Faible
Georgios Kalaitzakis,0.0,0.0,0.0,0.0,Faible
Georgios Papagiannis,0.0,0.0,0.0,2.0,Faible
Gerald Green,0.0,0.0,0.0,1.0,Faible
Gerald Henderson,0.0,0.0,0.0,3.0,Faible
Gerald Wallace,0.0,0.0,0.0,1.0,Faible
Giannis Antetokounmpo,0.75,0.75,0.75,4.0,Moyen
Gigi Datome,0.0,0.0,0.0,0.0,Faible
Glen Davis,0.0,0.0,0.0,1.0,Faible
Glen Rice,0.0,0.0,0.0,1.0,Faible
Glenn Robinson III,0.0,0.0,0.0,0.0,Faible
Goga Bitadze,0.0,0.0,0.0,2.0,Faible
Goran Dragic,0.1,0.3333333333333333,0.15384615384615383,3.0,Faible
Gordon Hayward,0.0,0.0,0.0,4.0,Faible
Gorgui Dieng,0.3333333333333333,0.25,0.28571428571428575,4.0,Faible
Grant Hill,0.0,0.0,0.0,0.0,Faible
Grant Williams,0.0,0.0,0.0,2.0,Faible
Grayson Allen,0.0,0.0,0.0,2.0,Faible
Greg Brown III,0.0,0.0,0.0,1.0,Faible
Greg Monroe,0.5,1.0,0.6666666666666666,2.0,Faible
Greg Oden,0.0,0.0,0.0,1.0,Faible
Greg Smith,0.0,0.0,0.0,0.0,Faible
Greg Stiemsma,0.0,0.0,0.0,0.0,Faible
Greg Whittington,0.0,0.0,0.0,0.0,Faible
Greivis Vasquez,0.0,0.0,0.0,0.0,Faible
Guerschon Yabusele,0.0,0.0,0.0,1.0,Faible
Gustavo Ayon,0.0,0.0,0.0,0.0,Faible
Hakim Warrick,0.0,0.0,0.0,0.0,Faible
Hamidou Diallo,0.0,0.0,0.0,2.0,Faible
Harrison Barnes,0.2222222222222222,0.5,0.30769230769230765,4.0,Faible
Harry Giles III,0.5,0.5,0.5,2.0,Faible
Hasheem Thabeet,0.0,0.0,0.0,1.0,Faible
Hassan Whiteside,0.0,0.0,0.0,3.0,Faible
Haywood Highsmith,0.0,0.0,0.0,0.0,Faible
Hedo Turkoglu,0.0,0.0,0.0,1.0,Faible
Henry Ellenson,0.0,0.0,0.0,1.0,Faible
Henry Sims,0.0,0.0,0.0,1.0,Faible
Henry Walker,0.0,0.0,0.0,1.0,Faible
Herbert Jones,0.0,0.0,0.0,0.0,Faible
Hollis Thompson,0.0,0.0,0.0,3.0,Faible
Ian Clark,0.0,0.0,0.0,2.0,Faible
Ian Mahinmi,0.0,0.0,0.0,0.0,Faible
Ignas Brazdeikis,0.0,0.0,0.0,2.0,Faible
Iman Shumpert,0.0,0.0,0.0,5.0,Faible
Immanuel Quickley,0.0,0.0,0.0,0.0,Faible
Isaac Humphries,0.0,0.0,0.0,1.0,Faible
Isaac Okoro,0.0,0.0,0.0,2.0,Faible
Isaiah Canaan,0.0,0.0,0.0,3.0,Faible
Isaiah Hartenstein,0.0,0.0,0.0,1.0,Faible
Isaiah Hicks,0.0,0.0,0.0,2.0,Faible
Isaiah Jackson,0.0,0.0,0.0,0.0,Faible
Isaiah Joe,0.0,0.0,0.0,0.0,Faible
Isaiah Livers,0.0,0.0,0.0,1.0,Faible
Isaiah Roby,0.0,0.0,0.0,1.0,Faible
Isaiah Stewart,0.0,0.0,0.0,3.0,Faible
Isaiah Taylor,0.0,0.0,0.0,0.0,Faible
Isaiah Thomas,0.0,0.0,0.0,4.0,Faible
Isaiah Todd,0.0,0.0,0.0,0.0,Faible
Isaiah Whitehead,0.0,0.0,0.0,1.0,Faible
Ish Smith,1.0,0.16666666666666666,0.2857142857142857,6.0,Fort
Ish Wainright,0.0,0.0,0.0,1.0,Faible
Ivan Johnson,0.0,0.0,0.0,0.0,Faible
Ivan Rabb,0.0,0.0,0.0,0.0,Faible
Ivica Zubac,0.0,0.0,0.0,1.0,Faible
J.J. Barea,0.3333333333333333,0.3333333333333333,0.3333333333333333,3.0,Faible
J.P. Macura,0.0,0.0,0.0,1.0,Faible
JJ Hickson,0.0,0.0,0.0,1.0,Faible
JJ Redick,0.5,0.3333333333333333,0.4,3.0,Faible
JR Smith,0.0,0.0,0.0,1.0,Faible
JT Thor,0.0,0.0,0.0,1.0,Faible
Ja Morant,1.0,1.0,1.0,1.0,Fort
JaKarr Sampson,1.0,0.5,0.6666666666666666,2.0,Fort
JaMychal Green,0.0,0.0,0.0,1.0,Faible
JaQuori McLaughlin,0.0,0.0,0.0,1.0,Faible
JaVale McGee,0.0,0.0,0.0,7.0,Faible
Jabari Bird,0.0,0.0,0.0,1.0,Faible
Jabari Parker,0.0,0.0,0.0,2.0,Faible
Jack Cooley,0.0,0.0,0.0,0.0,Faible
Jack White,0.0,0.0,0.0,1.0,Faible
Jacob Gilyard,0.0,0.0,0.0,0.0,Faible
Jacob Wiley,0.0,0.0,0.0,0.0,Faible
Jaden Ivey,0.0,0.0,0.0,1.0,Faible
Jaden McDaniels,0.0,0.0,0.0,0.0,Faible
Jae Crowder,0.0,0.0,0.0,1.0,Faible
Jae'Sean Tate,0.0,0.0,0.0,1.0,Faible
Jahlil Okafor,0.3333333333333333,0.5,0.4,2.0,Faible
Jake LaRavia,0.0,0.0,0.0,1.0,Faible
Jake Layman,0.0,0.0,0.0,1.0,Faible
Jakob Poeltl,0.0,0.0,0.0,2.0,Faible
Jalen Brunson,0.0,0.0,0.0,1.0,Faible
Jalen Duren,0.0,0.0,0.0,1.0,Faible
Jalen Green,0.0,0.0,0.0,2.0,Faible
Jalen Jones,0.0,0.0,0.0,2.0,Faible
Jalen Lecque,0.0,0.0,0.0,0.0,Faible
Jalen McDaniels,0.0,0.0,0.0,2.0,Faible
Jalen Smith,0.0,0.0,0.0,1.0,Faible
Jalen Suggs,0.0,0.0,0.0,1.0,Faible
Jamaal Franklin,0.0,0.0,0.0,2.0,Faible
Jamaal Tinsley,0.0,0.0,0.0,1.0,Faible
Jamal Cain,0.0,0.0,0.0,1.0,Faible
Jamal Crawford,1.0,1.0,1.0,1.0,Fort
Jamal Murray,0.0,0.0,0.0,2.0,Faible
Jamaree Bouyea,0.0,0.0,0.0,1.0,Faible
Jameel Warney,0.0,0.0,0.0,1.0,Faible
Jameer Nelson,0.0,0.0,0.0,0.0,Faible
James Ennis III,0.0,0.0,0.0,3.0,Faible
James Harden,0.75,0.75,0.75,4.0,Moyen
James Johnson,1.0,0.25,0.4,4.0,Fort
James Jones,0.5,0.3333333333333333,0.4,3.0,Faible
James Michael McAdoo,0.0,0.0,0.0,0.0,Faible
James Nunnally,0.0,0.0,0.0,1.0,Faible
James Webb III,0.0,0.0,0.0,0.0,Faible
James White,0.0,0.0,0.0,1.0,Faible
James Wiseman,0.0,0.0,0.0,0.0,Faible
James Young,0.0,0.0,0.0,1.0,Faible
Jamil Wilson,0.0,0.0,0.0,0.0,Faible
Jamorko Pickett,0.0,0.0,0.0,0.0,Faible
Jared Butler,0.0,0.0,0.0,0.0,Faible
Jared Dudley,0.0,0.0,0.0,5.0,Faible
Jared Harper,0.0,0.0,0.0,1.0,Faible
Jared Rhoden,0.0,0.0,0.0,1.0,Faible
Jared Sullinger,0.0,0.0,0.0,2.0,Faible
Jared Terrell,0.0,0.0,0.0,0.0,Faible
Jarell Eddie,0.0,0.0,0.0,2.0,Faible
Jarell Martin,0.0,0.0,0.0,0.0,Faible
Jaren Jackson Jr.,0.0,0.0,0.0,1.0,Faible
Jarnell Stokes,0.0,0.0,0.0,0.0,Faible
Jaron Blossomgame,0.0,0.0,0.0,0.0,Faible
Jarrell Brantley,0.0,0.0,0.0,1.0,Faible
Jarrett Allen,0.0,0.0,0.0,2.0,Faible
Jarrett Culver,0.0,0.0,0.0,3.0,Faible
Jarrett Jack,0.0,0.0,0.0,0.0,Faible
Jarrod Uthoff,0.0,0.0,0.0,1.0,Faible
Jarron Cumberland,0.0,0.0,0.0,0.0,Faible
Jason Collins,0.0,0.0,0.0,1.0,Faible
Jason Maxiell,0.0,0.0,0.0,0.0,Faible
Jason Preston,0.0,0.0,0.0,0.0,Faible
Jason Smith,0.0,0.0,0.0,3.0,Faible
Jason Terry,0.2,0.3333333333333333,0.25,3.0,Faible
Jason Thompson,0.5,1.0,0.6666666666666666,1.0,Faible
Javonte Green,0.0,0.0,0.0,1.0,Faible
Jaxson Hayes,0.0,0.0,0.0,1.0,Faible
Jay Scrubb,0.0,0.0,0.0,1.0,Faible
Jaylen Brown,1.0,0.25,0.4,4.0,Fort
Jaylen Hoard,0.0,0.0,0.0,2.0,Faible
Jaylen Morris,0.0,0.0,0.0,2.0,Faible
Jaylen Nowell,0.0,0.0,0.0,1.0,Faible
Jayson Tatum,0.0,0.0,0.0,0.0,Faible
Jeff Adrien,0.0,0.0,0.0,0.0,Faible
Jeff Ayres,0.0,0.0,0.0,1.0,Faible
Jeff Green,0.25,0.25,0.25,4.0,Faible
Jeff Teague,0.5,0.25,0.3333333333333333,4.0,Faible
Jeff Withey,0.0,0.0,0.0,2.0,Faible
Jeffery Taylor,0.0,0.0,0.0,2.0,Faible
Jemerrio Jones,0.0,0.0,0.0,1.0,Faible
Jerami Grant,0.6666666666666666,0.6666666666666666,0.6666666666666666,3.0,Moyen
Jeremiah Martin,0.0,0.0,0.0,1.0,Faible
Jeremiah Robinson-Earl,0.0,0.0,0.0,1.0,Faible
Jeremy Evans,0.0,0.0,0.0,3.0,Faible
Jeremy Lamb,0.0,0.0,0.0,2.0,Faible
Jeremy Lin,0.0,0.0,0.0,2.0,Faible
Jeremy Sochan,0.0,0.0,0.0,0.0,Faible
Jerian Grant,0.0,0.0,0.0,1.0,Faible
Jericho Sims,0.0,0.0,0.0,1.0,Faible
Jerome Robinson,0.0,0.0,0.0,1.0,Faible
Jerry Stackhouse,0.0,0.0,0.0,1.0,Faible
Jerryd Bayless,0.0,0.0,0.0,4.0,Faible
Jevon Carter,0.0,0.0,0.0,3.0,Faible
Jimmer Fredette,0.0,0.0,0.0,2.0,Faible
Jimmy Butler,0.6666666666666666,0.5,0.5714285714285715,4.0,Moyen
Joakim Noah,0.0,0.0,0.0,3.0,Faible
Jodie Meeks,0.0,0.0,0.0,2.0,Faible
Joe Harris,0.0,0.0,0.0,2.0,Faible
Joe Ingles,0.5,0.5,0.5,4.0,Faible
Joe Johnson,0.0,0.0,0.0,0.0,Faible
Joe Wieskamp,0.0,0.0,0.0,1.0,Faible
Joe Young,0.0,0.0,0.0,2.0,Faible
Joel Ayayi,0.0,0.0,0.0,1.0,Faible
Joel Embiid,0.0,0.0,0.0,2.0,Faible
Joel Freeland,0.0,0.0,0.0,0.0,Faible
Joffrey Lauvergne,0.0,0.0,0.0,0.0,Faible
Johan Petro,0.0,0.0,0.0,1.0,Faible
John Butler Jr.,0.0,0.0,0.0,1.0,Faible
John Collins,0.5,0.3333333333333333,0.4,3.0,Faible
John Henson,0.0,0.0,0.0,1.0,Faible
John Holland,0.0,0.0,0.0,0.0,Faible
John Jenkins,0.0,0.0,0.0,2.0,Faible
John Konchar,0.0,0.0,0.0,0.0,Faible
John Lucas III,0.0,0.0,0.0,1.0,Faible
John Salmons,0.0,0.0,0.0,1.0,Faible
John Wall,0.0,0.0,0.0,2.0,Faible
Johnathan Motley,0.0,0.0,0.0,1.0,Faible
Johnathan Williams,0.0,0.0,0.0,1.0,Faible
Johnny Davis,0.0,0.0,0.0,0.0,Faible
Jon Leuer,0.0,0.0,0.0,2.0,Faible
Jonas Jerebko,0.5,0.5,0.5,2.0,Faible
Jonas Valanciunas,0.5,0.3333333333333333,0.4,3.0,Faible
Jonathan Gibson,0.0,0.0,0.0,1.0,Faible
Jonathan Isaac,0.0,0.0,0.0,1.0,Faible
Jonathon Simmons,0.0,0.0,0.0,1.0,Faible
Jontay Porter,0.0,0.0,0.0,1.0,Faible
Jordan Adams,0.0,0.0,0.0,1.0,Faible
Jordan Bell,0.0,0.0,0.0,3.0,Faible
Jordan Bone,0.0,0.0,0.0,0.0,Faible
Jordan Clarkson,0.0,0.0,0.0,3.0,Faible
Jordan Farmar,0.0,0.0,0.0,1.0,Faible
Jordan Goodwin,0.0,0.0,0.0,1.0,Faible
Jordan Hall,0.0,0.0,0.0,1.0,Faible
Jordan Hamilton,0.0,0.0,0.0,0.0,Faible
Jordan Hill,0.0,0.0,0.0,3.0,Faible
Jordan Loyd,0.0,0.0,0.0,1.0,Faible
Jordan McLaughlin,0.0,0.0,0.0,1.0,Faible
Jordan McRae,0.0,0.0,0.0,2.0,Faible
Jordan Mickey,0.0,0.0,0.0,1.0,Faible
Jordan Nwora,0.0,0.0,0.0,1.0,Faible
Jordan Schakel,0.0,0.0,0.0,1.0,Faible
Jorge Gutierrez,0.0,0.0,0.0,3.0,Faible
Jose Alvarado,0.0,0.0,0.0,1.0,Faible
Jose Calderon,0.0,0.0,0.0,4.0,Faible
Josh Akognon,0.0,0.0,0.0,1.0,Faible
Josh Childress,0.0,0.0,0.0,1.0,Faible
Josh Green,0.0,0.0,0.0,1.0,Faible
Josh Harrellson,0.0,0.0,0.0,1.0,Faible
Josh Hart,0.0,0.0,0.0,1.0,Faible
Josh Huestis,0.0,0.0,0.0,0.0,Faible
Josh Jackson,0.5,1.0,0.6666666666666666,1.0,Faible
Josh McRoberts,0.0,0.0,0.0,2.0,Faible
Josh Okogie,0.0,0.0,0.0,2.0,Faible
Josh Powell,0.0,0.0,0.0,0.0,Faible
Josh Reaves,0.0,0.0,0.0,0.0,Faible
Josh Richardson,0.0,0.0,0.0,2.0,Faible
Josh Smith,1.0,1.0,1.0,1.0,Fort
Joshua Primo,0.0,0.0,0.0,1.0,Faible
Jrue Holiday,0.0,0.0,0.0,1.0,Faible
Juan Toscano-Anderson,0.0,0.0,0.0,1.0,Faible
Juancho Hernangomez,0.0,0.0,0.0,1.0,Faible
Julian Champagnie,0.0,0.0,0.0,0.0,Faible
Julius Randle,0.0,0.0,0.0,2.0,Faible
Justin Anderson,0.0,0.0,0.0,3.0,Faible
Justin Champagnie,0.0,0.0,0.0,2.0,Faible
Justin Hamilton,0.0,0.0,0.0,2.0,Faible
Justin Harper,0.0,0.0,0.0,0.0,Faible
Justin Holiday,0.0,0.0,0.0,2.0,Faible
Justin Jackson,0.0,0.0,0.0,1.0,Faible
Justin James,0.0,0.0,0.0,0.0,Faible
Justin Patton,0.0,0.0,0.0,2.0,Faible
Justin Robinson,0.0,0.0,0.0,1.0,Faible
Justin Wright-Foreman,0.0,0.0,0.0,1.0,Faible
Justise Winslow,0.0,0.0,0.0,2.0,Faible
Jusuf Nurkic,1.0,0.25,0.4,4.0,Fort
Juwan Howard,0.0,0.0,0.0,1.0,Faible
Juwan Morgan,0.0,0.0,0.0,2.0,Faible
KJ Martin,0.0,0.0,0.0,1.0,Faible
KJ McDaniels,0.0,0.0,0.0,0.0,Faible
KZ Okpala,0.0,0.0,0.0,0.0,Faible
Kai Jones,0.0,0.0,0.0,1.0,Faible
Kalin Lucas,0.0,0.0,0.0,1.0,Faible
Karl-Anthony Towns,0.0,0.0,0.0,1.0,Faible
Kawhi Leonard,0.0,0.0,0.0,1.0,Faible
Kay Felder,0.0,0.0,0.0,1.0,Faible
Keegan Murray,0.0,0.0,0.0,1.0,Faible
Keifer Sykes,0.0,0.0,0.0,1.0,Faible
Keita Bates-Diop,0.0,0.0,0.0,1.0,Faible
Keith Bogans,0.0,0.0,0.0,0.0,Faible
Kelan Martin,0.0,0.0,0.0,1.0,Faible
Keldon Johnson,0.0,0.0,0.0,0.0,Faible
Kelly Olynyk,0.0,0.0,0.0,2.0,Faible
Kelly Oubre Jr.,0.0,0.0,0.0,2.0,Faible
Kemba Walker,1.0,0.2,0.33333333333333337,5.0,Fort
Kendall Brown,0.0,0.0,0.0,1.0,Faible
Kendall Marshall,0.0,0.0,0.0,2.0,Faible
Kendrick Nunn,0.0,0.0,0.0,2.0,Faible
Kenneth Faried,0.0,0.0,0.0,3.0,Faible
Kenneth Lofton Jr.,0.0,0.0,0.0,0.0,Faible
Kenrich Williams,0.0,0.0,0.0,2.0,Faible
Kent Bazemore,0.0,0.0,0.0,4.0,Faible
Kentavious Caldwell-Pope,0.0,0.0,0.0,4.0,Faible
Keon Ellis,0.0,0.0,0.0,0.0,Faible
Keon Johnson,0.0,0.0,0.0,0.0,Faible
Kessler Edwards,0.0,0.0,0.0,2.0,Faible
Kevin Durant,0.0,0.0,0.0,5.0,Faible
Kevin Huerter,0.0,0.0,0.0,1.0,Faible
Kevin Jones,0.0,0.0,0.0,1.0,Faible
Kevin Knox II,0.0,0.0,0.0,1.0,Faible
Kevin Love,0.0,0.0,0.0,3.0,Faible
Kevin Martin,0.0,0.0,0.0,1.0,Faible
Kevin Porter Jr.,0.0,0.0,0.0,1.0,Faible
Kevin Seraphin,0.0,0.0,0.0,1.0,Faible
Kevon Looney,0.0,0.0,0.0,3.0,Faible
Keyon Dooling,0.0,0.0,0.0,1.0,Faible
Khem Birch,0.0,0.0,0.0,1.0,Faible
Khris Middleton,0.0,0.0,0.0,4.0,Faible
Khyri Thomas,0.0,0.0,0.0,1.0,Faible
Killian Hayes,0.0,0.0,0.0,1.0,Faible
Kira Lewis Jr.,0.0,0.0,0.0,0.0,Faible
Kirk Hinrich,0.0,0.0,0.0,2.0,Faible
Klay Thompson,0.5,0.2,0.28571428571428575,5.0,Faible
Kobe Bryant,0.0,0.0,0.0,1.0,Faible
Kosta Koufos,0.0,0.0,0.0,2.0,Faible
Kostas Antetokounmpo,0.0,0.0,0.0,2.0,Faible
Kris Humphries,0.0,0.0,0.0,3.0,Faible
Kristaps Porzingis,0.0,0.0,0.0,5.0,Faible
Ky Bowman,0.0,0.0,0.0,0.0,Faible
Kyle Anderson,0.0,0.0,0.0,4.0,Faible
Kyle Korver,0.0,0.0,0.0,3.0,Faible
Kyle Kuzma,0.0,0.0,0.0,0.0,Faible
Kyle Lowry,0.0,0.0,0.0,6.0,Faible
Kyle O'Quinn,0.0,0.0,0.0,2.0,Faible
Kyle Singler,0.0,0.0,0.0,2.0,Faible
Kyrie Irving,0.0,0.0,0.0,3.0,Faible
LaMarcus Aldridge,1.0,0.25,0.4,4.0,Fort
Lamar Odom,0.0,0.0,0.0,1.0,Faible
Lamar Patterson,0.0,0.0,0.0,0.0,Faible
Lamar Stevens,0.0,0.0,0.0,0.0,Faible
Lance Stephenson,0.0,0.0,0.0,2.0,Faible
Lance Thomas,0.0,0.0,0.0,2.0,Faible
Landry Fields,0.0,0.0,0.0,2.0,Faible
Landry Shamet,0.0,0.0,0.0,2.0,Faible
Langston Galloway,0.0,0.0,0.0,1.0,Faible
Larry Drew II,0.0,0.0,0.0,0.0,Faible
Larry Sanders,0.0,0.0,0.0,1.0,Faible
Lauri Markkanen,0.0,0.0,0.0,1.0,Faible
Lavoy Allen,0.0,0.0,0.0,1.0,Faible
Lazar Hayward,0.0,0.0,0.0,1.0,Faible
LeBron James,1.0,0.4,0.5714285714285715,5.0,Fort
Leandro Barbosa,0.0,0.0,0.0,2.0,Faible
Leandro Bolmaro,0.0,0.0,0.0,1.0,Faible
Lester Quinones,0.0,0.0,0.0,1.0,Faible
Lindell Wigginton,0.0,0.0,0.0,1.0,Faible
Lindy Waters III,0.0,0.0,0.0,1.0,Faible
Lonnie Walker IV,0.0,0.0,0.0,1.0,Faible
Lorenzo Brown,0.0,0.0,0.0,1.0,Faible
Lou Amundson,0.0,0.0,0.0,1.0,Faible
Lou Williams,0.0,0.0,0.0,3.0,Faible
Luc Mbah a Moute,0.0,0.0,0.0,1.0,Faible
Lucas Nogueira,0.0,0.0,0.0,1.0,Faible
Luguentz Dort,0.0,0.0,0.0,1.0,Faible
Luis Scola,0.0,0.0,0.0,4.0,Faible
Luka Garza,0.0,0.0,0.0,1.0,Faible
Luka Samanic,0.0,0.0,0.0,1.0,Faible
Luke Babbitt,1.0,0.5,0.6666666666666666,2.0,Fort
Luke Kennard,0.0,0.0,0.0,4.0,Faible
Luke Kornet,0.0,0.0,0.0,1.0,Faible
Luke Ridnour,0.0,0.0,0.0,0.0,Faible
Luke Zeller,0.0,0.0,0.0,1.0,Faible
Luol Deng,0.0,0.0,0.0,4.0,Faible
Maalik Wayns,0.0,0.0,0.0,1.0,Faible
Mac McClung,0.0,0.0,0.0,1.0,Faible
Malachi Flynn,0.0,0.0,0.0,0.0,Faible
Malachi Richardson,0.0,0.0,0.0,0.0,Faible
Malaki Branham,0.0,0.0,0.0,1.0,Faible
Malcolm Brogdon,0.0,0.0,0.0,3.0,Faible
Malcolm Delaney,0.0,0.0,0.0,0.0,Faible
Malcolm Miller,0.0,0.0,0.0,2.0,Faible
Malcolm Thomas,0.0,0.0,0.0,1.0,Faible
Malik Beasley,1.0,0.3333333333333333,0.5,3.0,Fort
Malik Monk,0.0,0.0,0.0,1.0,Faible
Manny Harris,0.0,0.0,0.0,0.0,Faible
Manu Ginobili,1.0,1.0,1.0,2.0,Fort
MarJon Beauchamp,0.0,0.0,0.0,1.0,Faible
MarShon Brooks,0.0,0.0,0.0,0.0,Faible
Marc Gasol,1.0,0.16666666666666666,0.2857142857142857,6.0,Fort
Marcin Gortat,1.0,0.3333333333333333,0.5,3.0,Fort
Marco Belinelli,0.0,0.0,0.0,3.0,Faible
Marcus Derrickson,0.0,0.0,0.0,1.0,Faible
Marcus Georges-Hunt,0.0,0.0,0.0,1.0,Faible
Marcus Morris Sr.,0.3333333333333333,0.3333333333333333,0.3333333333333333,3.0,Faible
Marcus Smart,0.0,0.0,0.0,1.0,Faible
Marcus Thornton,0.0,0.0,0.0,1.0,Faible
Mario Hezonja,0.0,0.0,0.0,2.0,Faible
Mark Williams,0.0,0.0,0.0,0.0,Faible
Markel Brown,0.0,0.0,0.0,1.0,Faible
Markieff Morris,0.0,0.0,0.0,3.0,Faible
Marko Simonovic,0.0,0.0,0.0,2.0,Faible
Marques Bolden,0.0,0.0,0.0,1.0,Faible
Marquese Chriss,0.0,0.0,0.0,4.0,Faible
Marquis Teague,0.0,0.0,0.0,1.0,Faible
Marreese Speights,0.0,0.0,0.0,0.0,Faible
Marshall Plumlee,0.0,0.0,0.0,1.0,Faible
Martell Webster,0.0,0.0,0.0,1.0,Faible
Marvin Bagley III,0.0,0.0,0.0,2.0,Faible
Marvin Williams,1.0,0.25,0.4,4.0,Fort
Mason Jones,0.0,0.0,0.0,2.0,Faible
Mason Plumlee,0.3333333333333333,0.3333333333333333,0.3333333333333333,3.0,Faible
Matisse Thybulle,1.0,1.0,1.0,1.0,Fort
Matt Barnes,0.0,0.0,0.0,1.0,Faible
Matt Bonner,0.6666666666666666,0.6666666666666666,0.6666666666666666,3.0,Moyen
Matt Ryan,0.0,0.0,0.0,1.0,Faible
Matthew Dellavedova,0.0,0.0,0.0,3.0,Faible
Maurice Harkless,0.0,0.0,0.0,1.0,Faible
Max Strus,0.0,0.0,0.0,4.0,Faible
Maxi Kleber,0.0,0.0,0.0,1.0,Faible
Melvin Ely,0.0,0.0,0.0,1.0,Faible
Melvin Frazier Jr.,0.0,0.0,0.0,2.0,Faible
Metta World Peace,0.0,0.0,0.0,1.0,Faible
Meyers Leonard,0.0,0.0,0.0,5.0,Faible
Mfiondu Kabengele,0.0,0.0,0.0,1.0,Faible
Micah Potter,0.0,0.0,0.0,1.0,Faible
Michael Beasley,0.0,0.0,0.0,2.0,Faible
Michael Carter-Williams,0.0,0.0,0.0,3.0,Faible
Michael Gbinije,0.0,0.0,0.0,1.0,Faible
Michael Kidd-Gilchrist,0.0,0.0,0.0,2.0,Faible
Michael Porter Jr.,0.0,0.0,0.0,2.0,Faible
Mickael Pietrus,0.0,0.0,0.0,1.0,Faible
Mikal Bridges,0.0,0.0,0.0,1.0,Faible
Mike Conley,0.0,0.0,0.0,3.0,Faible
Mike Dunleavy,0.0,0.0,0.0,2.0,Faible
Mike James,0.0,0.0,0.0,1.0,Faible
Mike Miller,0.0,0.0,0.0,0.0,Faible
Mike Muscala,0.0,0.0,0.0,2.0,Faible
Mike Scott,0.0,0.0,0.0,4.0,Faible
Miles Bridges,0.0,0.0,0.0,1.0,Faible
Miles Plumlee,0.0,0.0,0.0,1.0,Faible
Milos Teodosic,0.0,0.0,0.0,1.0,Faible
Mindaugas Kuzminskas,0.0,0.0,0.0,1.0,Faible
Miroslav Raduljica,0.0,0.0,0.0,1.0,Faible
Mirza Teletovic,0.0,0.0,0.0,1.0,Faible
Mitchell Creek,0.0,0.0,0.0,1.0,Faible
Mitchell Robinson,0.0,0.0,0.0,2.0,Faible
Mo Bamba,0.0,0.0,0.0,3.0,Faible
Mo Williams,0.0,0.0,0.0,1.0,Faible
Monte Morris,0.0,0.0,0.0,3.0,Faible
Montrezl Harrell,0.0,0.0,0.0,4.0,Faible
Moritz Wagner,0.0,0.0,0.0,3.0,Faible
Moses Brown,0.0,0.0,0.0,2.0,Faible
Moses Moody,0.0,0.0,0.0,1.0,Faible
Moses Wright,0.0,0.0,0.0,1.0,Faible
Mychal Mulder,0.0,0.0,0.0,1.0,Faible
Myles Powell,0.0,0.0,0.0,0.0,Faible
Myles Turner,0.0,0.0,0.0,2.0,Faible
Nando De Colo,0.0,0.0,0.0,1.0,Faible
Nassir Little,0.0,0.0,0.0,2.0,Faible
Nate Robinson,0.0,0.0,0.0,1.0,Faible
Nate Williams,0.0,0.0,0.0,1.0,Faible
Nate Wolters,0.0,0.0,0.0,2.0,Faible
Naz Reid,0.0,0.0,0.0,1.0,Faible
Nazr Mohammed,1.0,0.5,0.6666666666666666,2.0,Fort
Nemanja Bjelica,0.0,0.0,0.0,1.0,Faible
Nerlens Noel,0.0,0.0,0.0,3.0,Faible
Nic Claxton,0.0,0.0,0.0,2.0,Faible
Nick Calathes,0.0,0.0,0.0,0.0,Faible
Nick Collison,0.0,0.0,0.0,2.0,Faible
Nick Richards,0.0,0.0,0.0,1.0,Faible
Nick Young,0.0,0.0,0.0,1.0,Faible
Nicolas Batum,0.0,0.0,0.0,3.0,Faible
Nicolas Laprovittola,0.0,0.0,0.0,1.0,Faible
Nicolo Melli,0.0,0.0,0.0,2.0,Faible
Nigel Hayes,0.0,0.0,0.0,1.0,Faible
Nigel Williams-Goss,0.0,0.0,0.0,1.0,Faible
Nik Stauskas,0.0,0.0,0.0,2.0,Faible
Nikola Jokic,1.0,0.5,0.6666666666666666,2.0,Fort
Nikola Jovic,0.0,0.0,0.0,1.0,Faible
Nikola Mirotic,0.5,0.5,0.5,2.0,Faible
Nikola Pekovic,0.0,0.0,0.0,1.0,Faible
Nikola Vucevic,0.0,0.0,0.0,2.0,Faible
Noah Vonleh,0.0,0.0,0.0,2.0,Faible
Nolan Smith,0.0,0.0,0.0,1.0,Faible
Norman Powell,0.0,0.0,0.0,5.0,Faible
Norris Cole,0.0,0.0,0.0,1.0,Faible
Norvel Pelle,0.0,0.0,0.0,1.0,Faible
O.J. Mayo,0.0,0.0,0.0,3.0,Faible
OG Anunoby,0.0,0.0,0.0,0.0,Faible
Obi Toppin,0.0,0.0,0.0,1.0,Faible
Olivier Sarr,0.0,0.0,0.0,1.0,Faible
Omari Johnson,0.0,0.0,0.0,1.0,Faible
Omari Spellman,0.0,0.0,0.0,1.0,Faible
Omer Asik,0.0,0.0,0.0,1.0,Faible
Omri Casspi,0.0,0.0,0.0,3.0,Faible
Onyeka Okongwu,0.0,0.0,0.0,1.0,Faible
Orlando Johnson,0.0,0.0,0.0,0.0,Faible
Oshae Brissett,0.0,0.0,0.0,1.0,Faible
Otto Porter Jr.,0.0,0.0,0.0,2.0,Faible
P.J. Tucker,0.5,0.5,0.5,2.0,Faible
P.J. Washington,0.0,0.0,0.0,1.0,Faible
Pablo Prigioni,0.0,0.0,0.0,1.0,Faible
Paolo Banchero,0.0,0.0,0.0,1.0,Faible
Pascal Siakam,0.0,0.0,0.0,1.0,Faible
Pat Connaughton,0.0,0.0,0.0,4.0,Faible
Patricio Garino,0.0,0.0,0.0,1.0,Faible
Patrick Beverley,0.0,0.0,0.0,4.0,Faible
Patrick McCaw,0.0,0.0,0.0,2.0,Faible
Patrick Patterson,0.0,0.0,0.0,3.0,Faible
Patty Mills,0.0,0.0,0.0,3.0,Faible
Pau Gasol,0.0,0.0,0.0,1.0,Faible
Paul George,1.0,0.25,0.4,4.0,Fort
Paul Millsap,0.0,0.0,0.0,3.0,Faible
Paul Pierce,0.0,0.0,0.0,2.0,Faible
Paul Watson,0.0,0.0,0.0,3.0,Faible
Payton Pritchard,0.0,0.0,0.0,3.0,Faible
Pero Antic,0.0,0.0,0.0,1.0,Faible
Perry Jones III,0.0,0.0,0.0,1.0,Faible
Peyton Siva,0.0,0.0,0.0,1.0,Faible
Peyton Watson,0.0,0.0,0.0,1.0,Faible
Phil Pressey,0.0,0.0,0.0,2.0,Faible
Precious Achiuwa,0.0,0.0,0.0,0.0,Faible
Quenton Jackson,0.0,0.0,0.0,1.0,Faible
Quinn Cook,0.0,0.0,0.0,1.0,Faible
Quinndary Weatherspoon,0.0,0.0,0.0,3.0,Faible
R.J. Hampton,0.0,0.0,0.0,1.0,Faible
RJ Barrett,0.0,0.0,0.0,3.0,Faible
RJ Hunter,0.0,0.0,0.0,1.0,Faible
Rajon Rondo,0.0,0.0,0.0,1.0,Faible
Rakeem Christmas,0.0,0.0,0.0,2.0,Faible
Ramon Sessions,0.0,0.0,0.0,3.0,Faible
Randy Foye,0.0,0.0,0.0,3.0,Faible
Rashad Vaughn,0.0,0.0,0.0,1.0,Faible
Rasheed Wallace,0.0,0.0,0.0,1.0,Faible
Rasual Butler,0.0,0.0,0.0,1.0,Faible
Raul Neto,0.0,0.0,0.0,3.0,Faible
Ray McCallum,0.0,0.0,0.0,2.0,Faible
Ray Spalding,0.0,0.0,0.0,2.0,Faible
Rayjon Tucker,0.0,0.0,0.0,2.0,Faible
Raymond Felton,0.0,0.0,0.0,3.0,Faible
Reggie Bullock Jr.,0.0,0.0,0.0,1.0,Faible
Reggie Evans,0.0,0.0,0.0,1.0,Faible
Reggie Jackson,0.0,0.0,0.0,3.0,Faible
Reggie Williams,0.0,0.0,0.0,2.0,Faible
Richard Hamilton,0.0,0.0,0.0,1.0,Faible
Richard Jefferson,0.0,0.0,0.0,3.0,Faible
Richaun Holmes,0.0,0.0,0.0,2.0,Faible
Ricky Rubio,0.5,0.2,0.28571428571428575,5.0,Faible
Robert Covington,1.0,0.2,0.33333333333333337,5.0,Fort
Robert Sacre,0.0,0.0,0.0,2.0,Faible
Robert Williams III,0.0,0.0,0.0,2.0,Faible
Robin Lopez,1.0,0.25,0.4,4.0,Fort
Rodions Kurucs,0.0,0.0,0.0,1.0,Faible
Rodney Hood,0.0,0.0,0.0,2.0,Faible
Rodney McGruder,0.0,0.0,0.0,4.0,Faible
Rodney Purvis,0.0,0.0,0.0,1.0,Faible
Rodney Stuckey,0.0,0.0,0.0,4.0,Faible
Roger Mason Jr.,0.0,0.0,0.0,1.0,Faible
Romeo Langford,0.0,0.0,0.0,2.0,Faible
Ron Baker,0.0,0.0,0.0,0.0,Faible
Ron Harper Jr.,0.0,0.0,0.0,1.0,Faible
Rondae Hollis-Jefferson,0.0,0.0,0.0,2.0,Faible
Ronnie Brewer,0.0,0.0,0.0,1.0,Faible
Ronnie Price,0.0,0.0,0.0,1.0,Faible
Roy Hibbert,0.0,0.0,0.0,2.0,Faible
Royal Ivey,0.0,0.0,0.0,1.0,Faible
Royce O'Neale,0.0,0.0,0.0,3.0,Faible
Rudy Gay,0.0,0.0,0.0,3.0,Faible
Rudy Gobert,0.5,0.3333333333333333,0.4,3.0,Faible
Rui Hachimura,0.0,0.0,0.0,1.0,Faible
Russ Smith,0.0,0.0,0.0,2.0,Faible
Russell Westbrook,0.0,0.0,0.0,2.0,Faible
Ryan Anderson,0.0,0.0,0.0,5.0,Faible
Ryan Broekhoff,0.0,0.0,0.0,1.0,Faible
Ryan Hollins,0.0,0.0,0.0,1.0,Faible
Ryan Kelly,0.0,0.0,0.0,1.0,Faible
Saben Lee,0.0,0.0,0.0,1.0,Faible
Saddiq Bey,0.0,0.0,0.0,1.0,Faible
Salah Mejri,0.0,0.0,0.0,1.0,Faible
Sam Dekker,0.0,0.0,0.0,2.0,Faible
Sam Hauser,0.0,0.0,0.0,1.0,Faible
Sam Merrill,0.0,0.0,0.0,2.0,Faible
Sandro Mamukelashvili,0.0,0.0,0.0,1.0,Faible
Santi Aldama,0.0,0.0,0.0,1.0,Faible
Sasha Vujacic,0.0,0.0,0.0,1.0,Faible
Scottie Barnes,0.0,0.0,0.0,0.0,Faible
Scottie Lewis,0.0,0.0,0.0,1.0,Faible
Scotty Hopson,0.0,0.0,0.0,1.0,Faible
Sean Kilpatrick,0.0,0.0,0.0,2.0,Faible
Sean McDermott,0.0,0.0,0.0,1.0,Faible
Sebastian Telfair,0.0,0.0,0.0,1.0,Faible
Semi Ojeleye,0.0,0.0,0.0,1.0,Faible
Serge Ibaka,0.0,0.0,0.0,4.0,Faible
Sergio Rodriguez,0.0,0.0,0.0,1.0,Faible
Seth Curry,0.0,0.0,0.0,3.0,Faible
Shabazz Muhammad,0.0,0.0,0.0,1.0,Faible
Shabazz Napier,0.0,0.0,0.0,1.0,Faible
Shai Gilgeous-Alexander,0.0,0.0,0.0,1.0,Faible
Shake Milton,0.0,0.0,0.0,1.0,Faible
Shane Larkin,0.0,0.0,0.0,2.0,Faible
Shannon Brown,0.0,0.0,0.0,2.0,Faible
Shaquille Harrison,0.0,0.0,0.0,2.0,Faible
Sharife Cooper,0.0,0.0,0.0,1.0,Faible
Shaun Livingston,0.0,0.0,0.0,2.0,Faible
Shawn Marion,0.0,0.0,0.0,1.0,Faible
Shawne Williams,0.0,0.0,0.0,1.0,Faible
Shelvin Mack,0.0,0.0,0.0,2.0,Faible
Sindarius Thornwell,0.0,0.0,0.0,2.0,Faible
Skal Labissiere,0.0,0.0,0.0,3.0,Faible
Skylar Mays,0.0,0.0,0.0,1.0,Faible
Solomon Hill,0.0,0.0,0.0,2.0,Faible
Solomon Jones,0.0,0.0,0.0,1.0,Faible
Spencer Dinwiddie,0.0,0.0,0.0,2.0,Faible
Spencer Hawes,0.0,0.0,0.0,2.0,Faible
Stanley Johnson,0.0,0.0,0.0,2.0,Faible
Stanley Umude,0.0,0.0,0.0,1.0,Faible
Stephen Curry,1.0,1.0,1.0,2.0,Fort
Stephen Jackson,0.0,0.0,0.0,1.0,Faible
Sterling Brown,0.0,0.0,0.0,2.0,Faible
Steve Novak,0.0,0.0,0.0,2.0,Faible
Steven Adams,0.0,0.0,0.0,4.0,Faible
Svi Mykhailiuk,0.0,0.0,0.0,2.0,Faible
T.J. McConnell,0.0,0.0,0.0,5.0,Faible
T.J. Warren,0.0,0.0,0.0,1.0,Faible
Tacko Fall,0.0,0.0,0.0,3.0,Faible
Taj Gibson,0.5,1.0,0.6666666666666666,1.0,Faible
Tari Eason,0.0,0.0,0.0,1.0,Faible
Taurean Prince,0.0,0.0,0.0,3.0,Faible
Tayshaun Prince,0.0,0.0,0.0,2.0,Faible
Terance Mann,0.0,0.0,0.0,1.0,Faible
Terence Davis,0.0,0.0,0.0,1.0,Faible
Terrence Jones,0.0,0.0,0.0,1.0,Faible
Terrence Ross,0.0,0.0,0.0,1.0,Faible
Terry Rozier,0.0,0.0,0.0,4.0,Faible
Terry Taylor,0.0,0.0,0.0,2.0,Faible
Thaddeus Young,1.0,0.5,0.6666666666666666,2.0,Fort
Thanasis Antetokounmpo,0.0,0.0,0.0,4.0,Faible
Theo Maledon,0.0,0.0,0.0,1.0,Faible
Theo Pinson,0.0,0.0,0.0,2.0,Faible
Thomas Bryant,0.0,0.0,0.0,4.0,Faible
Thomas Robinson,0.0,0.0,0.0,1.0,Faible
Thomas Welsh,0.0,0.0,0.0,1.0,Faible
Thon Maker,0.0,0.0,0.0,1.0,Faible
Tiago Splitter,0.0,0.0,0.0,3.0,Faible
Tim Duncan,1.0,0.5,0.6666666666666666,2.0,Fort
Tim Frazier,0.0,0.0,0.0,3.0,Faible
Tim Hardaway Jr.,0.0,0.0,0.0,0.0,Faible
Tim Quarterman,0.0,0.0,0.0,2.0,Faible
Timofey Mozgov,0.0,0.0,0.0,3.0,Faible
Timothe Luwawu-Cabarrot,0.0,0.0,0.0,1.0,Faible
Tobias Harris,0.0,0.0,0.0,7.0,Faible
Tomas Satoransky,0.0,0.0,0.0,0.0,Faible
Toney Douglas,0.0,0.0,0.0,2.0,Faible
Tony Allen,0.0,0.0,0.0,1.0,Faible
Tony Bradley,0.0,0.0,0.0,1.0,Faible
Tony Parker,1.0,1.0,1.0,1.0,Fort
Tony Snell,0.0,0.0,0.0,4.0,Faible
Tony Wroten,0.0,0.0,0.0,2.0,Faible
Torrey Craig,0.0,0.0,0.0,1.0,Faible
Trae Young,1.0,1.0,1.0,1.0,Fort
Travis Wear,0.0,0.0,0.0,1.0,Faible
Tre Jones,0.0,0.0,0.0,2.0,Faible
Tremont Waters,0.0,0.0,0.0,1.0,Faible
Trendon Watford,0.0,0.0,0.0,1.0,Faible
Trent Forrest,0.0,0.0,0.0,2.0,Faible
Trevelin Queen,0.0,0.0,0.0,1.0,Faible
Treveon Graham,0.0,0.0,0.0,2.0,Faible
Trevon Duval,0.0,0.0,0.0,1.0,Faible
Trevor Ariza,0.0,0.0,0.0,4.0,Faible
Trevor Booker,0.0,0.0,0.0,1.0,Faible
Trevor Keels,0.0,0.0,0.0,1.0,Faible
Trey Burke,0.0,0.0,0.0,4.0,Faible
Trey Lyles,0.0,0.0,0.0,2.0,Faible
Trey Murphy III,0.0,0.0,0.0,1.0,Faible
Tristan Thompson,0.0,0.0,0.0,1.0,Faible
Troy Brown Jr.,0.0,0.0,0.0,2.0,Faible
Troy Daniels,0.0,0.0,0.0,1.0,Faible
Ty Jerome,0.0,0.0,0.0,3.0,Faible
Ty Lawson,0.0,0.0,0.0,1.0,Faible
Tyler Cook,0.0,0.0,0.0,2.0,Faible
Tyler Ennis,0.0,0.0,0.0,2.0,Faible
Tyler Hansbrough,0.0,0.0,0.0,1.0,Faible
Tyler Herro,0.0,0.0,0.0,2.0,Faible
Tyler Johnson,0.0,0.0,0.0,2.0,Faible
Tyler Lydon,0.0,0.0,0.0,1.0,Faible
Tyler Ulis,0.0,0.0,0.0,1.0,Faible
Tyler Zeller,0.0,0.0,0.0,3.0,Faible
Tyrell Terry,0.0,0.0,0.0,2.0,Faible
Tyrese Haliburton,0.0,0.0,0.0,2.0,Faible
Tyrese Maxey,0.0,0.0,0.0,2.0,Faible
Tyshawn Taylor,0.0,0.0,0.0,1.0,Faible
Tyson Chandler,0.0,0.0,0.0,3.0,Faible
Tyus Jones,0.0,0.0,0.0,4.0,Faible
Udonis Haslem,0.0,0.0,0.0,2.0,Faible
Vander Blue,0.0,0.0,0.0,1.0,Faible
Vernon Carey Jr.,0.0,0.0,0.0,1.0,Faible
Viacheslav Kravtsov,0.0,0.0,0.0,1.0,Faible
Victor Oladipo,0.0,0.0,0.0,2.0,Faible
Vince Carter,1.0,0.2,0.33333333333333337,5.0,Fort
Vincent Poirier,0.0,0.0,0.0,1.0,Faible
Vladimir Radmanovic,0.0,0.0,0.0,1.0,Faible
Vlatko Cancar,0.0,0.0,0.0,2.0,Faible
Wade Baldwin IV,0.0,0.0,0.0,1.0,Faible
Wayne Ellington,0.0,0.0,0.0,2.0,Faible
Wayne Selden,0.0,0.0,0.0,2.0,Faible
Wendell Carter Jr.,0.0,0.0,0.0,0.0,Faible
Wes Iwundu,0.0,0.0,0.0,2.0,Faible
Wesley Johnson,0.0,0.0,0.0,2.0,Faible
Wesley Matthews,0.0,0.0,0.0,6.0,Faible
Will Barton,0.0,0.0,0.0,1.0,Faible
Will Bynum,0.0,0.0,0.0,1.0,Faible
Will Cherry,0.0,0.0,0.0,1.0,Faible
Willie Cauley-Stein,0.0,0.0,0.0,3.0,Faible
Willie Green,0.0,0.0,0.0,1.0,Faible
Willie Reed,0.0,0.0,0.0,2.0,Faible
Willy Hernangomez,0.0,0.0,0.0,2.0,Faible
Wilson Chandler,0.0,0.0,0.0,1.0,Faible
Xavier Cooks,0.0,0.0,0.0,1.0,Faible
Xavier Henry,0.0,0.0,0.0,1.0,Faible
Xavier Moon,0.0,0.0,0.0,1.0,Faible
Xavier Rathan-Mayes,0.0,0.0,0.0,1.0,Faible
Xavier Silas,0.0,0.0,0.0,1.0,Faible
Xavier Sneed,0.0,0.0,0.0,2.0,Faible
Yuta Watanabe,0.0,0.0,0.0,2.0,Faible
Yves Pons,0.0,0.0,0.0,1.0,Faible
Zach LaVine,0.0,0.0,0.0,0.0,Faible
Zach Norvell Jr.,0.0,0.0,0.0,1.0,Faible
Zach Randolph,0.0,0.0,0.0,1.0,Faible
Zaza Pachulia,0.0,0.0,0.0,3.0,Faible
Zeke Nnaji,0.0,0.0,0.0,1.0,Faible
Zhaire Smith,0.0,0.0,0.0,1.0,Faible
Zhou Qi,0.0,0.0,0.0,1.0,Faible
Ziaire Williams,0.0,0.0,0.0,1.0,Faible
Zion Williamson,0.0,0.0,0.0,1.0,Faible
accuracy,0.09607498535442296,0.09607498535442296,0.09607498535442296,0.09607498535442296,Faible
macro avg,0.05835566308629532,0.062456006445320775,0.050753029003251626,1707.0,Faible
weighted avg,0.11530646093475619,0.09607498535442296,0.08826481076041709,1707.0,Faible
