,precision,recall,f1-score,support
A.J. Lawson,0.0,0.0,0.0,0.0
AJ Green,0.0,0.0,0.0,0.0
AJ Griffin,0.0,0.0,0.0,1.0
AJ Hammons,0.0,0.0,0.0,0.0
AJ Price,0.0,0.0,0.0,0.0
Aaron Brooks,0.0,0.0,0.0,0.0
Aaron Gordon,0.25,0.5,0.3333333333333333,4.0
Aaron Gray,0.0,0.0,0.0,0.0
Aaron Harrison,0.0,0.0,0.0,2.0
Aaron Henry,0.0,0.0,0.0,0.0
Aaron Holiday,0.0,0.0,0.0,1.0
Aaron Jackson,0.0,0.0,0.0,1.0
Aaron Nesmith,0.0,0.0,0.0,0.0
Aaron Wiggins,0.0,0.0,0.0,0.0
Abdel Nader,0.14285714285714285,1.0,0.25,1.0
Adam Mokoka,0.0,0.0,0.0,1.0
Ade Murkey,0.0,0.0,0.0,0.0
Admiral Schofield,0.0,0.0,0.0,0.0
Adonis Thomas,0.0,0.0,0.0,1.0
Adreian Payne,0.0,0.0,0.0,2.0
Ahmad Caver,0.0,0.0,0.0,1.0
Al Harrington,0.0,0.0,0.0,0.0
Al Horford,0.15384615384615385,1.0,0.2666666666666667,2.0
Al Jefferson,0.0,0.0,0.0,0.0
Al-Farouq Aminu,0.5,0.3333333333333333,0.4,3.0
Alan Anderson,0.2,0.5,0.28571428571428575,2.0
Alan Williams,0.16666666666666666,1.0,0.2857142857142857,1.0
Alec Burks,0.0625,0.2,0.09523809523809523,5.0
Alec Peters,0.0,0.0,0.0,0.0
Aleksej Pokusevski,0.0,0.0,0.0,1.0
Alen Smailagic,0.0,0.0,0.0,0.0
Alex Abrines,0.3333333333333333,1.0,0.5,1.0
Alex Caruso,0.0,0.0,0.0,1.0
Alex Kirk,0.0,0.0,0.0,0.0
Alex Len,0.0,0.0,0.0,0.0
Alex Poythress,0.0,0.0,0.0,1.0
Alex Stepheson,0.0,0.0,0.0,0.0
Alexey Shved,0.0,0.0,0.0,0.0
Alexis Ajinca,0.25,0.5,0.3333333333333333,2.0
Alfonzo McKinnie,0.0,0.0,0.0,0.0
Alize Johnson,0.0,0.0,0.0,4.0
Allen Crabbe,0.14285714285714285,0.5,0.22222222222222224,2.0
Allonzo Trier,0.0,0.0,0.0,1.0
Alondes Williams,0.0,0.0,0.0,1.0
Alonzo Gee,0.0,0.0,0.0,2.0
Amar'e Stoudemire,1.0,1.0,1.0,1.0
Amida Brimah,0.0,0.0,0.0,1.0
Amile Jefferson,0.0,0.0,0.0,1.0
Amir Coffey,0.0,0.0,0.0,3.0
Amir Johnson,0.125,0.5,0.2,2.0
Anderson Varejao,0.0,0.0,0.0,1.0
Andray Blatche,0.0,0.0,0.0,0.0
Andre Dawkins,0.0,0.0,0.0,0.0
Andre Drummond,1.0,0.5714285714285714,0.7272727272727273,7.0
Andre Iguodala,0.0,0.0,0.0,3.0
Andre Miller,0.0,0.0,0.0,1.0
Andre Roberson,0.0,0.0,0.0,3.0
Andrei Kirilenko,0.0,0.0,0.0,1.0
Andrew Bogut,0.5,0.3333333333333333,0.4,3.0
Andrew Bynum,0.0,0.0,0.0,0.0
Andrew Goudelock,0.0,0.0,0.0,2.0
Andrew Harrison,0.0,0.0,0.0,1.0
Andrew Nembhard,0.0,0.0,0.0,0.0
Andrew Nicholson,0.0,0.0,0.0,4.0
Andrew White III,0.0,0.0,0.0,1.0
Andrew Wiggins,0.5,0.3333333333333333,0.4,3.0
Andris Biedrins,0.0,0.0,0.0,1.0
Anfernee Simons,0.0,0.0,0.0,1.0
Angel Delgado,0.0,0.0,0.0,1.0
Antawn Jamison,0.0,0.0,0.0,1.0
Ante Zizic,0.0,0.0,0.0,1.0
Anthony Bennett,0.0,0.0,0.0,1.0
Anthony Brown,0.0,0.0,0.0,3.0
Anthony Davis,0.0,0.0,0.0,2.0
Anthony Edwards,0.0,0.0,0.0,0.0
Anthony Gill,0.0,0.0,0.0,0.0
Anthony Lamb,0.0,0.0,0.0,2.0
Anthony Morrow,0.0,0.0,0.0,0.0
Anthony Randolph,0.0,0.0,0.0,1.0
Anthony Tolliver,0.25,0.5,0.3333333333333333,4.0
Antonio Blakeney,0.0,0.0,0.0,1.0
Antonius Cleveland,0.0,0.0,0.0,0.0
Anzejs Pasecniks,0.0,0.0,0.0,0.0
Archie Goodwin,0.0,0.0,0.0,2.0
Arinze Onuaku,0.0,0.0,0.0,1.0
Armoni Brooks,0.0,0.0,0.0,0.0
Arnett Moultrie,0.0,0.0,0.0,0.0
Arnoldas Kulboka,0.0,0.0,0.0,0.0
Aron Baynes,0.16666666666666666,1.0,0.2857142857142857,2.0
Arron Afflalo,0.0,0.0,0.0,4.0
Austin Daye,0.0,0.0,0.0,1.0
Austin Reaves,0.0,0.0,0.0,0.0
Austin Rivers,0.3,0.5,0.37499999999999994,6.0
Avery Bradley,0.0,0.0,0.0,4.0
Axel Toupane,0.0,0.0,0.0,0.0
Ayo Dosunmu,0.0,0.0,0.0,0.0
BJ Johnson,0.0,0.0,0.0,2.0
Bam Adebayo,0.0,0.0,0.0,5.0
Ben Bentil,0.0,0.0,0.0,1.0
Ben Gordon,0.0,0.0,0.0,1.0
Ben Hansbrough,0.0,0.0,0.0,0.0
Ben McLemore,0.0,0.0,0.0,1.0
Ben Moore,0.0,0.0,0.0,0.0
Ben Simmons,1.0,1.0,1.0,2.0
Beno Udrih,0.0,0.0,0.0,1.0
Bernard James,0.0,0.0,0.0,1.0
Billy Garrett,0.0,0.0,0.0,0.0
Bismack Biyombo,0.0,0.0,0.0,1.0
Blake Griffin,0.06666666666666667,0.3333333333333333,0.1111111111111111,3.0
Blake Wesley,0.0,0.0,0.0,0.0
Boban Marjanovic,0.4,0.6666666666666666,0.5,3.0
Bobby Brown,0.0,0.0,0.0,1.0
Bobby Portis,0.0,0.0,0.0,2.0
Bogdan Bogdanovic,0.0,0.0,0.0,1.0
Bojan Bogdanovic,0.2,1.0,0.33333333333333337,2.0
Bol Bol,0.0,0.0,0.0,1.0
Bonzie Colson,0.0,0.0,0.0,0.0
Boris Diaw,0.5,0.5,0.5,2.0
Brad Wanamaker,0.0,0.0,0.0,1.0
Bradley Beal,0.1,0.5,0.16666666666666669,2.0
Brandan Wright,0.16666666666666666,1.0,0.2857142857142857,1.0
Branden Dawson,0.0,0.0,0.0,0.0
Brandon Bass,0.0,0.0,0.0,0.0
Brandon Boston Jr.,0.0,0.0,0.0,1.0
Brandon Clarke,0.0,0.0,0.0,2.0
Brandon Davies,0.0,0.0,0.0,0.0
Brandon Goodwin,0.0,0.0,0.0,0.0
Brandon Ingram,0.5,0.2,0.28571428571428575,5.0
Brandon Jennings,0.0,0.0,0.0,1.0
Brandon Knight,0.0,0.0,0.0,2.0
Brandon Paul,0.0,0.0,0.0,0.0
Brandon Rush,0.0,0.0,0.0,2.0
Brandon Sampson,0.0,0.0,0.0,0.0
Brandon Williams,0.0,0.0,0.0,0.0
Braxton Key,0.0,0.0,0.0,0.0
Brian Bowen II,0.0,0.0,0.0,1.0
Brian Roberts,0.25,1.0,0.4,1.0
Briante Weber,0.0,0.0,0.0,0.0
Brice Johnson,0.0,0.0,0.0,0.0
Brodric Thomas,0.0,0.0,0.0,1.0
Brook Lopez,0.25,0.5,0.3333333333333333,4.0
Bruce Brown,0.0,0.0,0.0,2.0
Bruno Caboclo,0.0,0.0,0.0,1.0
Bruno Fernando,0.0,0.0,0.0,2.0
Bryce Cotton,0.0,0.0,0.0,1.0
Bryce Dejean-Jones,0.0,0.0,0.0,1.0
Bryce McGowens,0.0,0.0,0.0,0.0
Bryn Forbes,0.0,0.0,0.0,0.0
Buddy Boeheim,0.0,0.0,0.0,1.0
Buddy Hield,0.2,1.0,0.33333333333333337,2.0
Byron Mullens,0.0,0.0,0.0,1.0
C.J. Watson,0.0,0.0,0.0,3.0
C.J. Wilcox,0.0,0.0,0.0,0.0
CJ Elleby,0.0,0.0,0.0,1.0
CJ McCollum,0.0,0.0,0.0,4.0
CJ Miles,0.0,0.0,0.0,3.0
Cade Cunningham,0.0,0.0,0.0,0.0
Caleb Houstan,0.0,0.0,0.0,1.0
Caleb Martin,0.0,0.0,0.0,0.0
Caleb Swanigan,0.0,0.0,0.0,0.0
Cam Reddish,0.0,0.0,0.0,3.0
Cam Reynolds,0.0,0.0,0.0,0.0
Cam Thomas,0.0,0.0,0.0,2.0
Cameron Bairstow,0.0,0.0,0.0,0.0
Cameron Johnson,0.0,0.0,0.0,2.0
Cameron McGriff,0.0,0.0,0.0,0.0
Cameron Oliver,0.0,0.0,0.0,0.0
Cameron Payne,0.0,0.0,0.0,1.0
Caris LeVert,0.14285714285714285,0.5,0.22222222222222224,2.0
Carl Landry,0.0,0.0,0.0,2.0
Carlik Jones,0.0,0.0,0.0,1.0
Carlos Boozer,0.0,0.0,0.0,0.0
Carlos Delfino,0.0,0.0,0.0,1.0
Carmelo Anthony,0.0,0.0,0.0,4.0
Caron Butler,0.0,0.0,0.0,1.0
Carrick Felix,0.0,0.0,0.0,1.0
Carsen Edwards,0.0,0.0,0.0,2.0
Cartier Martin,0.0,0.0,0.0,1.0
Casper Ware,0.0,0.0,0.0,0.0
Cassius Stanley,0.0,0.0,0.0,1.0
Cassius Winston,0.0,0.0,0.0,0.0
Cedi Osman,0.0,0.0,0.0,2.0
Chandler Hutchison,0.0,0.0,0.0,1.0
Chandler Parsons,0.16666666666666666,0.25,0.2,4.0
Channing Frye,0.3333333333333333,1.0,0.5,1.0
Charles Bassey,0.0,0.0,0.0,0.0
Charles Cooke,0.0,0.0,0.0,1.0
Charlie Brown Jr.,0.0,0.0,0.0,1.0
Charlie Villanueva,0.0,0.0,0.0,0.0
Chase Budinger,0.0,0.0,0.0,1.0
Chasson Randle,0.0,0.0,0.0,3.0
Chauncey Billups,0.0,0.0,0.0,1.0
Chaundee Brown Jr.,0.0,0.0,0.0,1.0
Cheick Diallo,0.0,0.0,0.0,2.0
Chimezie Metu,0.0,0.0,0.0,1.0
Chinanu Onuaku,0.0,0.0,0.0,1.0
Chris Andersen,0.0,0.0,0.0,1.0
Chris Bosh,0.3333333333333333,1.0,0.5,1.0
Chris Boucher,0.0,0.0,0.0,1.0
Chris Chiozza,0.0,0.0,0.0,1.0
Chris Copeland,0.0,0.0,0.0,1.0
Chris Douglas-Roberts,0.0,0.0,0.0,1.0
Chris Duarte,0.0,0.0,0.0,0.0
Chris Duhon,0.0,0.0,0.0,0.0
Chris Johnson,0.0,0.0,0.0,2.0
Chris Kaman,0.0,0.0,0.0,2.0
Chris McCullough,0.0,0.0,0.0,0.0
Chris Paul,0.6,1.0,0.7499999999999999,3.0
Chris Quinn,0.0,0.0,0.0,0.0
Chris Silva,0.0,0.0,0.0,1.0
Chris Singleton,0.0,0.0,0.0,0.0
Chris Wright,0.0,0.0,0.0,1.0
Christian Braun,0.0,0.0,0.0,0.0
Christian Wood,0.0,0.0,0.0,1.0
Chuck Hayes,0.0,0.0,0.0,4.0
Chuma Okeke,0.0,0.0,0.0,0.0
Cleanthony Early,0.0,0.0,0.0,0.0
Cliff Alexander,0.0,0.0,0.0,1.0
Clint Capela,0.14285714285714285,1.0,0.25,1.0
Coby White,0.0,0.0,0.0,2.0
Cody Martin,0.0,0.0,0.0,2.0
Cody Zeller,0.3333333333333333,0.25,0.28571428571428575,4.0
Cole Aldrich,0.0,0.0,0.0,3.0
Cole Anthony,0.0,0.0,0.0,1.0
Cole Swider,0.0,0.0,0.0,1.0
Collin Sexton,0.3333333333333333,0.5,0.4,2.0
Corey Brewer,0.0,0.0,0.0,2.0
Corey Kispert,0.0,0.0,0.0,1.0
Cory Higgins,0.0,0.0,0.0,0.0
Cory Jefferson,0.0,0.0,0.0,1.0
Cory Joseph,0.0,0.0,0.0,3.0
Coty Clarke,0.0,0.0,0.0,1.0
Courtney Lee,0.25,0.6666666666666666,0.36363636363636365,3.0
Craig Sword,0.0,0.0,0.0,0.0
Cristiano Felicio,0.0,0.0,0.0,1.0
D'Angelo Russell,0.5,0.3333333333333333,0.4,3.0
D.J. Augustin,0.0,0.0,0.0,5.0
D.J. Wilson,0.0,0.0,0.0,3.0
DJ Stephens,0.0,0.0,0.0,0.0
DJ White,0.0,0.0,0.0,0.0
DaJuan Summers,0.0,0.0,0.0,0.0
DaQuan Jeffries,0.0,0.0,0.0,1.0
Dahntay Jones,0.0,0.0,0.0,1.0
Dairis Bertans,0.0,0.0,0.0,1.0
Dakota Mathias,0.0,0.0,0.0,1.0
Damian Jones,0.0,0.0,0.0,3.0
Damian Lillard,0.5,0.6666666666666666,0.5714285714285715,3.0
Damien Inglis,0.0,0.0,0.0,0.0
Damien Wilkins,0.0,0.0,0.0,0.0
Damion James,0.0,0.0,0.0,0.0
Damion Lee,0.0,0.0,0.0,3.0
Damjan Rudez,0.0,0.0,0.0,1.0
Damyean Dotson,0.125,1.0,0.2222222222222222,1.0
Daniel Gafford,0.3333333333333333,0.5,0.4,2.0
Daniel Hamilton,0.0,0.0,0.0,1.0
Daniel Orton,0.0,0.0,0.0,1.0
Daniel Oturu,0.0,0.0,0.0,1.0
Daniel Theis,0.0,0.0,0.0,1.0
Danilo Gallinari,0.0,0.0,0.0,5.0
Danny Granger,0.0,0.0,0.0,0.0
Danny Green,0.5,0.5,0.5,4.0
Dante Cunningham,0.0,0.0,0.0,3.0
Dante Exum,0.0,0.0,0.0,2.0
Danuel House Jr.,0.0,0.0,0.0,2.0
Dario Saric,0.0,0.0,0.0,1.0
Darius Bazley,0.0,0.0,0.0,1.0
Darius Days,0.0,0.0,0.0,0.0
Darius Garland,0.5,1.0,0.6666666666666666,2.0
Darius Johnson-Odom,0.0,0.0,0.0,0.0
Darius Miller,0.0,0.0,0.0,3.0
Darius Morris,0.0,0.0,0.0,1.0
Darko Milicic,0.0,0.0,0.0,0.0
Darrell Arthur,0.0,0.0,0.0,0.0
Darren Collison,0.2222222222222222,0.6666666666666666,0.3333333333333333,3.0
Darrun Hilliard,0.0,0.0,0.0,0.0
Daryl Macon,0.0,0.0,0.0,0.0
David Duke Jr.,0.0,0.0,0.0,1.0
David Lee,0.0,0.0,0.0,1.0
David Nwaba,0.0,0.0,0.0,2.0
David Roddy,0.0,0.0,0.0,1.0
David Stockton,0.0,0.0,0.0,1.0
David West,0.3333333333333333,1.0,0.5,1.0
Davis Bertans,0.0,0.0,0.0,2.0
Davon Reed,0.0,0.0,0.0,1.0
Day'Ron Sharpe,0.0,0.0,0.0,1.0
De'Aaron Fox,0.25,0.5,0.3333333333333333,2.0
De'Andre Hunter,0.0,0.0,0.0,3.0
De'Anthony Melton,0.0,0.0,0.0,0.0
DeAndre Jordan,0.4,0.4,0.4000000000000001,5.0
DeAndre Liggins,0.5,0.3333333333333333,0.4,3.0
DeAndre' Bembry,0.0,0.0,0.0,1.0
DeJon Jarreau,0.0,0.0,0.0,1.0
DeJuan Blair,0.0,0.0,0.0,0.0
DeMar DeRozan,0.0,0.0,0.0,3.0
DeMarcus Cousins,0.0,0.0,0.0,2.0
DeMarre Carroll,0.0,0.0,0.0,2.0
DeQuan Jones,0.0,0.0,0.0,1.0
Dean Wade,0.0,0.0,0.0,0.0
Deandre Ayton,0.0,0.0,0.0,1.0
Deividas Sirvydis,0.0,0.0,0.0,1.0
Dejounte Murray,0.0,0.0,0.0,0.0
Delon Wright,0.5,0.2,0.28571428571428575,5.0
Demetrius Jackson,0.0,0.0,0.0,1.0
Deng Adel,0.0,0.0,0.0,0.0
Deni Avdija,0.0,0.0,0.0,2.0
Dennis Schroder,0.14285714285714285,0.3333333333333333,0.2,3.0
Dennis Smith Jr.,0.0,0.0,0.0,3.0
Denzel Valentine,0.0,0.0,0.0,0.0
Deonte Burton,0.0,0.0,0.0,1.0
Derek Fisher,0.0,0.0,0.0,1.0
Dereon Seabron,0.0,0.0,0.0,0.0
Deron Williams,0.0,0.0,0.0,1.0
Derrick Favors,0.125,0.2,0.15384615384615385,5.0
Derrick Jones Jr.,0.5,0.4,0.4444444444444445,5.0
Derrick Rose,0.0,0.0,0.0,4.0
Derrick Walton Jr.,0.0,0.0,0.0,1.0
Derrick White,0.0,0.0,0.0,3.0
Derrick Williams,0.0,0.0,0.0,4.0
Desmond Bane,0.0,0.0,0.0,2.0
Devin Booker,0.3333333333333333,0.3333333333333333,0.3333333333333333,3.0
Devin Cannady,0.0,0.0,0.0,1.0
Devin Ebanks,0.0,0.0,0.0,0.0
Devin Harris,0.1,1.0,0.18181818181818182,1.0
Devin Robinson,0.0,0.0,0.0,1.0
Devin Vassell,0.0,0.0,0.0,1.0
Devon Dotson,0.0,0.0,0.0,1.0
Devon Hall,0.0,0.0,0.0,0.0
Devontae Cacok,0.0,0.0,0.0,1.0
Devonte' Graham,0.0,0.0,0.0,1.0
Devyn Marble,0.0,0.0,0.0,1.0
Dewan Hernandez,0.0,0.0,0.0,1.0
Dewayne Dedmon,0.0,0.0,0.0,3.0
Deyonta Davis,0.0,0.0,0.0,0.0
Didi Louzada,0.0,0.0,0.0,1.0
Dillon Brooks,0.0,0.0,0.0,4.0
Dion Waiters,0.0,0.0,0.0,3.0
Dionte Christmas,0.0,0.0,0.0,0.0
Dirk Nowitzki,0.5,1.0,0.6666666666666666,1.0
Domantas Sabonis,0.4,0.6666666666666666,0.5,3.0
Donald Sloan,0.0,0.0,0.0,1.0
Donatas Motiejunas,0.0,0.0,0.0,1.0
Donovan Mitchell,0.0,0.0,0.0,2.0
Donta Hall,0.0,0.0,0.0,1.0
Donte DiVincenzo,0.0,0.0,0.0,1.0
Donte Grantham,0.0,0.0,0.0,0.0
Dorell Wright,0.0,0.0,0.0,0.0
Dorian Finney-Smith,0.0,0.0,0.0,2.0
Doron Lamb,0.0,0.0,0.0,1.0
Doug McDermott,0.0,0.0,0.0,3.0
Dragan Bender,0.0,0.0,0.0,2.0
Draymond Green,1.0,0.5,0.6666666666666666,4.0
Drew Eubanks,0.0,0.0,0.0,2.0
Drew Gooden,0.0,0.0,0.0,1.0
Drew Gordon,0.0,0.0,0.0,1.0
Dru Smith,0.0,0.0,0.0,0.0
Duane Washington Jr.,0.0,0.0,0.0,0.0
Duncan Robinson,0.0,0.0,0.0,0.0
Dwayne Bacon,0.0,0.0,0.0,1.0
Dwight Buycks,0.0,0.0,0.0,2.0
Dwight Howard,0.25,0.5,0.3333333333333333,2.0
Dwight Powell,0.0,0.0,0.0,0.0
Dwyane Wade,0.0,0.0,0.0,1.0
Dylan Windler,0.0,0.0,0.0,0.0
Dyson Daniels,0.0,0.0,0.0,1.0
Dzanan Musa,0.0,0.0,0.0,1.0
E'Twaun Moore,0.0,0.0,0.0,0.0
Earl Barron,0.0,0.0,0.0,0.0
Earl Clark,0.0,0.0,0.0,1.0
Ed Davis,0.16666666666666666,0.3333333333333333,0.2222222222222222,3.0
Edmond Sumner,0.0,0.0,0.0,1.0
Edy Tavares,0.0,0.0,0.0,0.0
Ekpe Udoh,0.0,0.0,0.0,4.0
Elfrid Payton,0.0,0.0,0.0,6.0
Elie Okobo,0.0,0.0,0.0,0.0
Elijah Hughes,0.0,0.0,0.0,1.0
Elijah Millsap,0.0,0.0,0.0,1.0
Elliot Williams,0.0,0.0,0.0,0.0
Elton Brand,0.3333333333333333,1.0,0.5,1.0
Emanuel Terry,0.0,0.0,0.0,1.0
Emeka Okafor,0.0,0.0,0.0,1.0
Emmanuel Mudiay,0.16666666666666666,0.5,0.25,2.0
Enes Freedom,0.5,0.3333333333333333,0.4,3.0
Eric Bledsoe,0.0,0.0,0.0,2.0
Eric Gordon,0.0,0.0,0.0,1.0
Eric Maynor,0.0,0.0,0.0,1.0
Eric Mika,0.0,0.0,0.0,0.0
Eric Moreland,0.0,0.0,0.0,1.0
Eric Paschall,0.0,0.0,0.0,1.0
Erick Green,0.0,0.0,0.0,1.0
Ersan Ilyasova,0.0,0.0,0.0,4.0
Evan Fournier,0.0,0.0,0.0,4.0
Evan Mobley,0.0,0.0,0.0,0.0
Evan Turner,0.0,0.0,0.0,2.0
Fab Melo,0.0,0.0,0.0,1.0
Feron Hunt,0.0,0.0,0.0,1.0
Frank Jackson,0.0,0.0,0.0,1.0
Frank Kaminsky,0.0,0.0,0.0,2.0
Frank Mason III,0.0,0.0,0.0,1.0
Frank Ntilikina,0.0,0.0,0.0,3.0
Fred VanVleet,0.2,0.3333333333333333,0.25,3.0
Freddie Gillespie,0.0,0.0,0.0,1.0
Furkan Aldemir,0.0,0.0,0.0,0.0
Furkan Korkmaz,0.0,0.0,0.0,0.0
Gabe Vincent,0.0,0.0,0.0,1.0
Gabe York,0.0,0.0,0.0,1.0
Gabriel Deck,0.0,0.0,0.0,0.0
Gabriel Lundberg,0.0,0.0,0.0,1.0
Gal Mekel,0.0,0.0,0.0,0.0
Garrett Temple,0.4,0.4,0.4000000000000001,5.0
Garrison Mathews,0.0,0.0,0.0,2.0
Gary Harris,0.0,0.0,0.0,3.0
Gary Neal,0.0,0.0,0.0,1.0
Gary Payton II,0.0,0.0,0.0,1.0
Gary Trent Jr.,0.0,0.0,0.0,1.0
George Hill,0.0,0.0,0.0,4.0
George King,0.0,0.0,0.0,0.0
Georges Niang,0.0,0.0,0.0,2.0
Georgios Kalaitzakis,0.0,0.0,0.0,0.0
Georgios Papagiannis,0.0,0.0,0.0,2.0
Gerald Green,0.0,0.0,0.0,1.0
Gerald Henderson,0.0,0.0,0.0,3.0
Gerald Wallace,0.0,0.0,0.0,1.0
Giannis Antetokounmpo,0.75,0.75,0.75,4.0
Gigi Datome,0.0,0.0,0.0,0.0
Glen Davis,0.0,0.0,0.0,1.0
Glen Rice,0.0,0.0,0.0,1.0
Glenn Robinson III,0.0,0.0,0.0,0.0
Goga Bitadze,0.0,0.0,0.0,2.0
Goran Dragic,0.1,0.3333333333333333,0.15384615384615383,3.0
Gordon Hayward,0.0,0.0,0.0,4.0
Gorgui Dieng,0.3333333333333333,0.25,0.28571428571428575,4.0
Grant Hill,0.0,0.0,0.0,0.0
Grant Williams,0.0,0.0,0.0,2.0
Grayson Allen,0.0,0.0,0.0,2.0
Greg Brown III,0.0,0.0,0.0,1.0
Greg Monroe,0.5,1.0,0.6666666666666666,2.0
Greg Oden,0.0,0.0,0.0,1.0
Greg Smith,0.0,0.0,0.0,0.0
Greg Stiemsma,0.0,0.0,0.0,0.0
Greg Whittington,0.0,0.0,0.0,0.0
Greivis Vasquez,0.0,0.0,0.0,0.0
Guerschon Yabusele,0.0,0.0,0.0,1.0
Gustavo Ayon,0.0,0.0,0.0,0.0
Hakim Warrick,0.0,0.0,0.0,0.0
Hamidou Diallo,0.0,0.0,0.0,2.0
Harrison Barnes,0.2222222222222222,0.5,0.30769230769230765,4.0
Harry Giles III,0.5,0.5,0.5,2.0
Hasheem Thabeet,0.0,0.0,0.0,1.0
Hassan Whiteside,0.0,0.0,0.0,3.0
Haywood Highsmith,0.0,0.0,0.0,0.0
Hedo Turkoglu,0.0,0.0,0.0,1.0
Henry Ellenson,0.0,0.0,0.0,1.0
Henry Sims,0.0,0.0,0.0,1.0
Henry Walker,0.0,0.0,0.0,1.0
Herbert Jones,0.0,0.0,0.0,0.0
Hollis Thompson,0.0,0.0,0.0,3.0
Ian Clark,0.0,0.0,0.0,2.0
Ian Mahinmi,0.0,0.0,0.0,0.0
Ignas Brazdeikis,0.0,0.0,0.0,2.0
Iman Shumpert,0.0,0.0,0.0,5.0
Immanuel Quickley,0.0,0.0,0.0,0.0
Isaac Humphries,0.0,0.0,0.0,1.0
Isaac Okoro,0.0,0.0,0.0,2.0
Isaiah Canaan,0.0,0.0,0.0,3.0
Isaiah Hartenstein,0.0,0.0,0.0,1.0
Isaiah Hicks,0.0,0.0,0.0,2.0
Isaiah Jackson,0.0,0.0,0.0,0.0
Isaiah Joe,0.0,0.0,0.0,0.0
Isaiah Livers,0.0,0.0,0.0,1.0
Isaiah Roby,0.0,0.0,0.0,1.0
Isaiah Stewart,0.0,0.0,0.0,3.0
Isaiah Taylor,0.0,0.0,0.0,0.0
Isaiah Thomas,0.0,0.0,0.0,4.0
Isaiah Todd,0.0,0.0,0.0,0.0
Isaiah Whitehead,0.0,0.0,0.0,1.0
Ish Smith,1.0,0.16666666666666666,0.2857142857142857,6.0
Ish Wainright,0.0,0.0,0.0,1.0
Ivan Johnson,0.0,0.0,0.0,0.0
Ivan Rabb,0.0,0.0,0.0,0.0
Ivica Zubac,0.0,0.0,0.0,1.0
J.J. Barea,0.3333333333333333,0.3333333333333333,0.3333333333333333,3.0
J.P. Macura,0.0,0.0,0.0,1.0
JJ Hickson,0.0,0.0,0.0,1.0
JJ Redick,0.5,0.3333333333333333,0.4,3.0
JR Smith,0.0,0.0,0.0,1.0
JT Thor,0.0,0.0,0.0,1.0
Ja Morant,1.0,1.0,1.0,1.0
JaKarr Sampson,1.0,0.5,0.6666666666666666,2.0
JaMychal Green,0.0,0.0,0.0,1.0
JaQuori McLaughlin,0.0,0.0,0.0,1.0
JaVale McGee,0.0,0.0,0.0,7.0
Jabari Bird,0.0,0.0,0.0,1.0
Jabari Parker,0.0,0.0,0.0,2.0
Jack Cooley,0.0,0.0,0.0,0.0
Jack White,0.0,0.0,0.0,1.0
Jacob Gilyard,0.0,0.0,0.0,0.0
Jacob Wiley,0.0,0.0,0.0,0.0
Jaden Ivey,0.0,0.0,0.0,1.0
Jaden McDaniels,0.0,0.0,0.0,0.0
Jae Crowder,0.0,0.0,0.0,1.0
Jae'Sean Tate,0.0,0.0,0.0,1.0
Jahlil Okafor,0.3333333333333333,0.5,0.4,2.0
Jake LaRavia,0.0,0.0,0.0,1.0
Jake Layman,0.0,0.0,0.0,1.0
Jakob Poeltl,0.0,0.0,0.0,2.0
Jalen Brunson,0.0,0.0,0.0,1.0
Jalen Duren,0.0,0.0,0.0,1.0
Jalen Green,0.0,0.0,0.0,2.0
Jalen Jones,0.0,0.0,0.0,2.0
Jalen Lecque,0.0,0.0,0.0,0.0
Jalen McDaniels,0.0,0.0,0.0,2.0
Jalen Smith,0.0,0.0,0.0,1.0
Jalen Suggs,0.0,0.0,0.0,1.0
Jamaal Franklin,0.0,0.0,0.0,2.0
Jamaal Tinsley,0.0,0.0,0.0,1.0
Jamal Cain,0.0,0.0,0.0,1.0
Jamal Crawford,1.0,1.0,1.0,1.0
Jamal Murray,0.0,0.0,0.0,2.0
Jamaree Bouyea,0.0,0.0,0.0,1.0
Jameel Warney,0.0,0.0,0.0,1.0
Jameer Nelson,0.0,0.0,0.0,0.0
James Ennis III,0.0,0.0,0.0,3.0
James Harden,0.75,0.75,0.75,4.0
James Johnson,1.0,0.25,0.4,4.0
James Jones,0.5,0.3333333333333333,0.4,3.0
James Michael McAdoo,0.0,0.0,0.0,0.0
James Nunnally,0.0,0.0,0.0,1.0
James Webb III,0.0,0.0,0.0,0.0
James White,0.0,0.0,0.0,1.0
James Wiseman,0.0,0.0,0.0,0.0
James Young,0.0,0.0,0.0,1.0
Jamil Wilson,0.0,0.0,0.0,0.0
Jamorko Pickett,0.0,0.0,0.0,0.0
Jared Butler,0.0,0.0,0.0,0.0
Jared Dudley,0.0,0.0,0.0,5.0
Jared Harper,0.0,0.0,0.0,1.0
Jared Rhoden,0.0,0.0,0.0,1.0
Jared Sullinger,0.0,0.0,0.0,2.0
Jared Terrell,0.0,0.0,0.0,0.0
Jarell Eddie,0.0,0.0,0.0,2.0
Jarell Martin,0.0,0.0,0.0,0.0
Jaren Jackson Jr.,0.0,0.0,0.0,1.0
Jarnell Stokes,0.0,0.0,0.0,0.0
Jaron Blossomgame,0.0,0.0,0.0,0.0
Jarrell Brantley,0.0,0.0,0.0,1.0
Jarrett Allen,0.0,0.0,0.0,2.0
Jarrett Culver,0.0,0.0,0.0,3.0
Jarrett Jack,0.0,0.0,0.0,0.0
Jarrod Uthoff,0.0,0.0,0.0,1.0
Jarron Cumberland,0.0,0.0,0.0,0.0
Jason Collins,0.0,0.0,0.0,1.0
Jason Maxiell,0.0,0.0,0.0,0.0
Jason Preston,0.0,0.0,0.0,0.0
Jason Smith,0.0,0.0,0.0,3.0
Jason Terry,0.2,0.3333333333333333,0.25,3.0
Jason Thompson,0.5,1.0,0.6666666666666666,1.0
Javonte Green,0.0,0.0,0.0,1.0
Jaxson Hayes,0.0,0.0,0.0,1.0
Jay Scrubb,0.0,0.0,0.0,1.0
Jaylen Brown,1.0,0.25,0.4,4.0
Jaylen Hoard,0.0,0.0,0.0,2.0
Jaylen Morris,0.0,0.0,0.0,2.0
Jaylen Nowell,0.0,0.0,0.0,1.0
Jayson Tatum,0.0,0.0,0.0,0.0
Jeff Adrien,0.0,0.0,0.0,0.0
Jeff Ayres,0.0,0.0,0.0,1.0
Jeff Green,0.25,0.25,0.25,4.0
Jeff Teague,0.5,0.25,0.3333333333333333,4.0
Jeff Withey,0.0,0.0,0.0,2.0
Jeffery Taylor,0.0,0.0,0.0,2.0
Jemerrio Jones,0.0,0.0,0.0,1.0
Jerami Grant,0.6666666666666666,0.6666666666666666,0.6666666666666666,3.0
Jeremiah Martin,0.0,0.0,0.0,1.0
Jeremiah Robinson-Earl,0.0,0.0,0.0,1.0
Jeremy Evans,0.0,0.0,0.0,3.0
Jeremy Lamb,0.0,0.0,0.0,2.0
Jeremy Lin,0.0,0.0,0.0,2.0
Jeremy Sochan,0.0,0.0,0.0,0.0
Jerian Grant,0.0,0.0,0.0,1.0
Jericho Sims,0.0,0.0,0.0,1.0
Jerome Robinson,0.0,0.0,0.0,1.0
Jerry Stackhouse,0.0,0.0,0.0,1.0
Jerryd Bayless,0.0,0.0,0.0,4.0
Jevon Carter,0.0,0.0,0.0,3.0
Jimmer Fredette,0.0,0.0,0.0,2.0
Jimmy Butler,0.6666666666666666,0.5,0.5714285714285715,4.0
Joakim Noah,0.0,0.0,0.0,3.0
Jodie Meeks,0.0,0.0,0.0,2.0
Joe Harris,0.0,0.0,0.0,2.0
Joe Ingles,0.5,0.5,0.5,4.0
Joe Johnson,0.0,0.0,0.0,0.0
Joe Wieskamp,0.0,0.0,0.0,1.0
Joe Young,0.0,0.0,0.0,2.0
Joel Ayayi,0.0,0.0,0.0,1.0
Joel Embiid,0.0,0.0,0.0,2.0
Joel Freeland,0.0,0.0,0.0,0.0
Joffrey Lauvergne,0.0,0.0,0.0,0.0
Johan Petro,0.0,0.0,0.0,1.0
John Butler Jr.,0.0,0.0,0.0,1.0
John Collins,0.5,0.3333333333333333,0.4,3.0
John Henson,0.0,0.0,0.0,1.0
John Holland,0.0,0.0,0.0,0.0
John Jenkins,0.0,0.0,0.0,2.0
John Konchar,0.0,0.0,0.0,0.0
John Lucas III,0.0,0.0,0.0,1.0
John Salmons,0.0,0.0,0.0,1.0
John Wall,0.0,0.0,0.0,2.0
Johnathan Motley,0.0,0.0,0.0,1.0
Johnathan Williams,0.0,0.0,0.0,1.0
Johnny Davis,0.0,0.0,0.0,0.0
Jon Leuer,0.0,0.0,0.0,2.0
Jonas Jerebko,0.5,0.5,0.5,2.0
Jonas Valanciunas,0.5,0.3333333333333333,0.4,3.0
Jonathan Gibson,0.0,0.0,0.0,1.0
Jonathan Isaac,0.0,0.0,0.0,1.0
Jonathon Simmons,0.0,0.0,0.0,1.0
Jontay Porter,0.0,0.0,0.0,1.0
Jordan Adams,0.0,0.0,0.0,1.0
Jordan Bell,0.0,0.0,0.0,3.0
Jordan Bone,0.0,0.0,0.0,0.0
Jordan Clarkson,0.0,0.0,0.0,3.0
Jordan Farmar,0.0,0.0,0.0,1.0
Jordan Goodwin,0.0,0.0,0.0,1.0
Jordan Hall,0.0,0.0,0.0,1.0
Jordan Hamilton,0.0,0.0,0.0,0.0
Jordan Hill,0.0,0.0,0.0,3.0
Jordan Loyd,0.0,0.0,0.0,1.0
Jordan McLaughlin,0.0,0.0,0.0,1.0
Jordan McRae,0.0,0.0,0.0,2.0
Jordan Mickey,0.0,0.0,0.0,1.0
Jordan Nwora,0.0,0.0,0.0,1.0
Jordan Schakel,0.0,0.0,0.0,1.0
Jorge Gutierrez,0.0,0.0,0.0,3.0
Jose Alvarado,0.0,0.0,0.0,1.0
Jose Calderon,0.0,0.0,0.0,4.0
Josh Akognon,0.0,0.0,0.0,1.0
Josh Childress,0.0,0.0,0.0,1.0
Josh Green,0.0,0.0,0.0,1.0
Josh Harrellson,0.0,0.0,0.0,1.0
Josh Hart,0.0,0.0,0.0,1.0
Josh Huestis,0.0,0.0,0.0,0.0
Josh Jackson,0.5,1.0,0.6666666666666666,1.0
Josh McRoberts,0.0,0.0,0.0,2.0
Josh Okogie,0.0,0.0,0.0,2.0
Josh Powell,0.0,0.0,0.0,0.0
Josh Reaves,0.0,0.0,0.0,0.0
Josh Richardson,0.0,0.0,0.0,2.0
Josh Smith,1.0,1.0,1.0,1.0
Joshua Primo,0.0,0.0,0.0,1.0
Jrue Holiday,0.0,0.0,0.0,1.0
Juan Toscano-Anderson,0.0,0.0,0.0,1.0
Juancho Hernangomez,0.0,0.0,0.0,1.0
Julian Champagnie,0.0,0.0,0.0,0.0
Julius Randle,0.0,0.0,0.0,2.0
Justin Anderson,0.0,0.0,0.0,3.0
Justin Champagnie,0.0,0.0,0.0,2.0
Justin Hamilton,0.0,0.0,0.0,2.0
Justin Harper,0.0,0.0,0.0,0.0
Justin Holiday,0.0,0.0,0.0,2.0
Justin Jackson,0.0,0.0,0.0,1.0
Justin James,0.0,0.0,0.0,0.0
Justin Patton,0.0,0.0,0.0,2.0
Justin Robinson,0.0,0.0,0.0,1.0
Justin Wright-Foreman,0.0,0.0,0.0,1.0
Justise Winslow,0.0,0.0,0.0,2.0
Jusuf Nurkic,1.0,0.25,0.4,4.0
Juwan Howard,0.0,0.0,0.0,1.0
Juwan Morgan,0.0,0.0,0.0,2.0
KJ Martin,0.0,0.0,0.0,1.0
KJ McDaniels,0.0,0.0,0.0,0.0
KZ Okpala,0.0,0.0,0.0,0.0
Kai Jones,0.0,0.0,0.0,1.0
Kalin Lucas,0.0,0.0,0.0,1.0
Karl-Anthony Towns,0.0,0.0,0.0,1.0
Kawhi Leonard,0.0,0.0,0.0,1.0
Kay Felder,0.0,0.0,0.0,1.0
Keegan Murray,0.0,0.0,0.0,1.0
Keifer Sykes,0.0,0.0,0.0,1.0
Keita Bates-Diop,0.0,0.0,0.0,1.0
Keith Bogans,0.0,0.0,0.0,0.0
Kelan Martin,0.0,0.0,0.0,1.0
Keldon Johnson,0.0,0.0,0.0,0.0
Kelly Olynyk,0.0,0.0,0.0,2.0
Kelly Oubre Jr.,0.0,0.0,0.0,2.0
Kemba Walker,1.0,0.2,0.33333333333333337,5.0
Kendall Brown,0.0,0.0,0.0,1.0
Kendall Marshall,0.0,0.0,0.0,2.0
Kendrick Nunn,0.0,0.0,0.0,2.0
Kenneth Faried,0.0,0.0,0.0,3.0
Kenneth Lofton Jr.,0.0,0.0,0.0,0.0
Kenrich Williams,0.0,0.0,0.0,2.0
Kent Bazemore,0.0,0.0,0.0,4.0
Kentavious Caldwell-Pope,0.0,0.0,0.0,4.0
Keon Ellis,0.0,0.0,0.0,0.0
Keon Johnson,0.0,0.0,0.0,0.0
Kessler Edwards,0.0,0.0,0.0,2.0
Kevin Durant,0.0,0.0,0.0,5.0
Kevin Huerter,0.0,0.0,0.0,1.0
Kevin Jones,0.0,0.0,0.0,1.0
Kevin Knox II,0.0,0.0,0.0,1.0
Kevin Love,0.0,0.0,0.0,3.0
Kevin Martin,0.0,0.0,0.0,1.0
Kevin Porter Jr.,0.0,0.0,0.0,1.0
Kevin Seraphin,0.0,0.0,0.0,1.0
Kevon Looney,0.0,0.0,0.0,3.0
Keyon Dooling,0.0,0.0,0.0,1.0
Khem Birch,0.0,0.0,0.0,1.0
Khris Middleton,0.0,0.0,0.0,4.0
Khyri Thomas,0.0,0.0,0.0,1.0
Killian Hayes,0.0,0.0,0.0,1.0
Kira Lewis Jr.,0.0,0.0,0.0,0.0
Kirk Hinrich,0.0,0.0,0.0,2.0
Klay Thompson,0.5,0.2,0.28571428571428575,5.0
Kobe Bryant,0.0,0.0,0.0,1.0
Kosta Koufos,0.0,0.0,0.0,2.0
Kostas Antetokounmpo,0.0,0.0,0.0,2.0
Kris Humphries,0.0,0.0,0.0,3.0
Kristaps Porzingis,0.0,0.0,0.0,5.0
Ky Bowman,0.0,0.0,0.0,0.0
Kyle Anderson,0.0,0.0,0.0,4.0
Kyle Korver,0.0,0.0,0.0,3.0
Kyle Kuzma,0.0,0.0,0.0,0.0
Kyle Lowry,0.0,0.0,0.0,6.0
Kyle O'Quinn,0.0,0.0,0.0,2.0
Kyle Singler,0.0,0.0,0.0,2.0
Kyrie Irving,0.0,0.0,0.0,3.0
LaMarcus Aldridge,1.0,0.25,0.4,4.0
Lamar Odom,0.0,0.0,0.0,1.0
Lamar Patterson,0.0,0.0,0.0,0.0
Lamar Stevens,0.0,0.0,0.0,0.0
Lance Stephenson,0.0,0.0,0.0,2.0
Lance Thomas,0.0,0.0,0.0,2.0
Landry Fields,0.0,0.0,0.0,2.0
Landry Shamet,0.0,0.0,0.0,2.0
Langston Galloway,0.0,0.0,0.0,1.0
Larry Drew II,0.0,0.0,0.0,0.0
Larry Sanders,0.0,0.0,0.0,1.0
Lauri Markkanen,0.0,0.0,0.0,1.0
Lavoy Allen,0.0,0.0,0.0,1.0
Lazar Hayward,0.0,0.0,0.0,1.0
LeBron James,1.0,0.4,0.5714285714285715,5.0
Leandro Barbosa,0.0,0.0,0.0,2.0
Leandro Bolmaro,0.0,0.0,0.0,1.0
Lester Quinones,0.0,0.0,0.0,1.0
Lindell Wigginton,0.0,0.0,0.0,1.0
Lindy Waters III,0.0,0.0,0.0,1.0
Lonnie Walker IV,0.0,0.0,0.0,1.0
Lorenzo Brown,0.0,0.0,0.0,1.0
Lou Amundson,0.0,0.0,0.0,1.0
Lou Williams,0.0,0.0,0.0,3.0
Luc Mbah a Moute,0.0,0.0,0.0,1.0
Lucas Nogueira,0.0,0.0,0.0,1.0
Luguentz Dort,0.0,0.0,0.0,1.0
Luis Scola,0.0,0.0,0.0,4.0
Luka Garza,0.0,0.0,0.0,1.0
Luka Samanic,0.0,0.0,0.0,1.0
Luke Babbitt,1.0,0.5,0.6666666666666666,2.0
Luke Kennard,0.0,0.0,0.0,4.0
Luke Kornet,0.0,0.0,0.0,1.0
Luke Ridnour,0.0,0.0,0.0,0.0
Luke Zeller,0.0,0.0,0.0,1.0
Luol Deng,0.0,0.0,0.0,4.0
Maalik Wayns,0.0,0.0,0.0,1.0
Mac McClung,0.0,0.0,0.0,1.0
Malachi Flynn,0.0,0.0,0.0,0.0
Malachi Richardson,0.0,0.0,0.0,0.0
Malaki Branham,0.0,0.0,0.0,1.0
Malcolm Brogdon,0.0,0.0,0.0,3.0
Malcolm Delaney,0.0,0.0,0.0,0.0
Malcolm Miller,0.0,0.0,0.0,2.0
Malcolm Thomas,0.0,0.0,0.0,1.0
Malik Beasley,1.0,0.3333333333333333,0.5,3.0
Malik Monk,0.0,0.0,0.0,1.0
Manny Harris,0.0,0.0,0.0,0.0
Manu Ginobili,1.0,1.0,1.0,2.0
MarJon Beauchamp,0.0,0.0,0.0,1.0
MarShon Brooks,0.0,0.0,0.0,0.0
Marc Gasol,1.0,0.16666666666666666,0.2857142857142857,6.0
Marcin Gortat,1.0,0.3333333333333333,0.5,3.0
Marco Belinelli,0.0,0.0,0.0,3.0
Marcus Derrickson,0.0,0.0,0.0,1.0
Marcus Georges-Hunt,0.0,0.0,0.0,1.0
Marcus Morris Sr.,0.3333333333333333,0.3333333333333333,0.3333333333333333,3.0
Marcus Smart,0.0,0.0,0.0,1.0
Marcus Thornton,0.0,0.0,0.0,1.0
Mario Hezonja,0.0,0.0,0.0,2.0
Mark Williams,0.0,0.0,0.0,0.0
Markel Brown,0.0,0.0,0.0,1.0
Markieff Morris,0.0,0.0,0.0,3.0
Marko Simonovic,0.0,0.0,0.0,2.0
Marques Bolden,0.0,0.0,0.0,1.0
Marquese Chriss,0.0,0.0,0.0,4.0
Marquis Teague,0.0,0.0,0.0,1.0
Marreese Speights,0.0,0.0,0.0,0.0
Marshall Plumlee,0.0,0.0,0.0,1.0
Martell Webster,0.0,0.0,0.0,1.0
Marvin Bagley III,0.0,0.0,0.0,2.0
Marvin Williams,1.0,0.25,0.4,4.0
Mason Jones,0.0,0.0,0.0,2.0
Mason Plumlee,0.3333333333333333,0.3333333333333333,0.3333333333333333,3.0
Matisse Thybulle,1.0,1.0,1.0,1.0
Matt Barnes,0.0,0.0,0.0,1.0
Matt Bonner,0.6666666666666666,0.6666666666666666,0.6666666666666666,3.0
Matt Ryan,0.0,0.0,0.0,1.0
Matthew Dellavedova,0.0,0.0,0.0,3.0
Maurice Harkless,0.0,0.0,0.0,1.0
Max Strus,0.0,0.0,0.0,4.0
Maxi Kleber,0.0,0.0,0.0,1.0
Melvin Ely,0.0,0.0,0.0,1.0
Melvin Frazier Jr.,0.0,0.0,0.0,2.0
Metta World Peace,0.0,0.0,0.0,1.0
Meyers Leonard,0.0,0.0,0.0,5.0
Mfiondu Kabengele,0.0,0.0,0.0,1.0
Micah Potter,0.0,0.0,0.0,1.0
Michael Beasley,0.0,0.0,0.0,2.0
Michael Carter-Williams,0.0,0.0,0.0,3.0
Michael Gbinije,0.0,0.0,0.0,1.0
Michael Kidd-Gilchrist,0.0,0.0,0.0,2.0
Michael Porter Jr.,0.0,0.0,0.0,2.0
Mickael Pietrus,0.0,0.0,0.0,1.0
Mikal Bridges,0.0,0.0,0.0,1.0
Mike Conley,0.0,0.0,0.0,3.0
Mike Dunleavy,0.0,0.0,0.0,2.0
Mike James,0.0,0.0,0.0,1.0
Mike Miller,0.0,0.0,0.0,0.0
Mike Muscala,0.0,0.0,0.0,2.0
Mike Scott,0.0,0.0,0.0,4.0
Miles Bridges,0.0,0.0,0.0,1.0
Miles Plumlee,0.0,0.0,0.0,1.0
Milos Teodosic,0.0,0.0,0.0,1.0
Mindaugas Kuzminskas,0.0,0.0,0.0,1.0
Miroslav Raduljica,0.0,0.0,0.0,1.0
Mirza Teletovic,0.0,0.0,0.0,1.0
Mitchell Creek,0.0,0.0,0.0,1.0
Mitchell Robinson,0.0,0.0,0.0,2.0
Mo Bamba,0.0,0.0,0.0,3.0
Mo Williams,0.0,0.0,0.0,1.0
Monte Morris,0.0,0.0,0.0,3.0
Montrezl Harrell,0.0,0.0,0.0,4.0
Moritz Wagner,0.0,0.0,0.0,3.0
Moses Brown,0.0,0.0,0.0,2.0
Moses Moody,0.0,0.0,0.0,1.0
Moses Wright,0.0,0.0,0.0,1.0
Mychal Mulder,0.0,0.0,0.0,1.0
Myles Powell,0.0,0.0,0.0,0.0
Myles Turner,0.0,0.0,0.0,2.0
Nando De Colo,0.0,0.0,0.0,1.0
Nassir Little,0.0,0.0,0.0,2.0
Nate Robinson,0.0,0.0,0.0,1.0
Nate Williams,0.0,0.0,0.0,1.0
Nate Wolters,0.0,0.0,0.0,2.0
Naz Reid,0.0,0.0,0.0,1.0
Nazr Mohammed,1.0,0.5,0.6666666666666666,2.0
Nemanja Bjelica,0.0,0.0,0.0,1.0
Nerlens Noel,0.0,0.0,0.0,3.0
Nic Claxton,0.0,0.0,0.0,2.0
Nick Calathes,0.0,0.0,0.0,0.0
Nick Collison,0.0,0.0,0.0,2.0
Nick Richards,0.0,0.0,0.0,1.0
Nick Young,0.0,0.0,0.0,1.0
Nicolas Batum,0.0,0.0,0.0,3.0
Nicolas Laprovittola,0.0,0.0,0.0,1.0
Nicolo Melli,0.0,0.0,0.0,2.0
Nigel Hayes,0.0,0.0,0.0,1.0
Nigel Williams-Goss,0.0,0.0,0.0,1.0
Nik Stauskas,0.0,0.0,0.0,2.0
Nikola Jokic,1.0,0.5,0.6666666666666666,2.0
Nikola Jovic,0.0,0.0,0.0,1.0
Nikola Mirotic,0.5,0.5,0.5,2.0
Nikola Pekovic,0.0,0.0,0.0,1.0
Nikola Vucevic,0.0,0.0,0.0,2.0
Noah Vonleh,0.0,0.0,0.0,2.0
Nolan Smith,0.0,0.0,0.0,1.0
Norman Powell,0.0,0.0,0.0,5.0
Norris Cole,0.0,0.0,0.0,1.0
Norvel Pelle,0.0,0.0,0.0,1.0
O.J. Mayo,0.0,0.0,0.0,3.0
OG Anunoby,0.0,0.0,0.0,0.0
Obi Toppin,0.0,0.0,0.0,1.0
Olivier Sarr,0.0,0.0,0.0,1.0
Omari Johnson,0.0,0.0,0.0,1.0
Omari Spellman,0.0,0.0,0.0,1.0
Omer Asik,0.0,0.0,0.0,1.0
Omri Casspi,0.0,0.0,0.0,3.0
Onyeka Okongwu,0.0,0.0,0.0,1.0
Orlando Johnson,0.0,0.0,0.0,0.0
Oshae Brissett,0.0,0.0,0.0,1.0
Otto Porter Jr.,0.0,0.0,0.0,2.0
P.J. Tucker,0.5,0.5,0.5,2.0
P.J. Washington,0.0,0.0,0.0,1.0
Pablo Prigioni,0.0,0.0,0.0,1.0
Paolo Banchero,0.0,0.0,0.0,1.0
Pascal Siakam,0.0,0.0,0.0,1.0
Pat Connaughton,0.0,0.0,0.0,4.0
Patricio Garino,0.0,0.0,0.0,1.0
Patrick Beverley,0.0,0.0,0.0,4.0
Patrick McCaw,0.0,0.0,0.0,2.0
Patrick Patterson,0.0,0.0,0.0,3.0
Patty Mills,0.0,0.0,0.0,3.0
Pau Gasol,0.0,0.0,0.0,1.0
Paul George,1.0,0.25,0.4,4.0
Paul Millsap,0.0,0.0,0.0,3.0
Paul Pierce,0.0,0.0,0.0,2.0
Paul Watson,0.0,0.0,0.0,3.0
Payton Pritchard,0.0,0.0,0.0,3.0
Pero Antic,0.0,0.0,0.0,1.0
Perry Jones III,0.0,0.0,0.0,1.0
Peyton Siva,0.0,0.0,0.0,1.0
Peyton Watson,0.0,0.0,0.0,1.0
Phil Pressey,0.0,0.0,0.0,2.0
Precious Achiuwa,0.0,0.0,0.0,0.0
Quenton Jackson,0.0,0.0,0.0,1.0
Quinn Cook,0.0,0.0,0.0,1.0
Quinndary Weatherspoon,0.0,0.0,0.0,3.0
R.J. Hampton,0.0,0.0,0.0,1.0
RJ Barrett,0.0,0.0,0.0,3.0
RJ Hunter,0.0,0.0,0.0,1.0
Rajon Rondo,0.0,0.0,0.0,1.0
Rakeem Christmas,0.0,0.0,0.0,2.0
Ramon Sessions,0.0,0.0,0.0,3.0
Randy Foye,0.0,0.0,0.0,3.0
Rashad Vaughn,0.0,0.0,0.0,1.0
Rasheed Wallace,0.0,0.0,0.0,1.0
Rasual Butler,0.0,0.0,0.0,1.0
Raul Neto,0.0,0.0,0.0,3.0
Ray McCallum,0.0,0.0,0.0,2.0
Ray Spalding,0.0,0.0,0.0,2.0
Rayjon Tucker,0.0,0.0,0.0,2.0
Raymond Felton,0.0,0.0,0.0,3.0
Reggie Bullock Jr.,0.0,0.0,0.0,1.0
Reggie Evans,0.0,0.0,0.0,1.0
Reggie Jackson,0.0,0.0,0.0,3.0
Reggie Williams,0.0,0.0,0.0,2.0
Richard Hamilton,0.0,0.0,0.0,1.0
Richard Jefferson,0.0,0.0,0.0,3.0
Richaun Holmes,0.0,0.0,0.0,2.0
Ricky Rubio,0.5,0.2,0.28571428571428575,5.0
Robert Covington,1.0,0.2,0.33333333333333337,5.0
Robert Sacre,0.0,0.0,0.0,2.0
Robert Williams III,0.0,0.0,0.0,2.0
Robin Lopez,1.0,0.25,0.4,4.0
Rodions Kurucs,0.0,0.0,0.0,1.0
Rodney Hood,0.0,0.0,0.0,2.0
Rodney McGruder,0.0,0.0,0.0,4.0
Rodney Purvis,0.0,0.0,0.0,1.0
Rodney Stuckey,0.0,0.0,0.0,4.0
Roger Mason Jr.,0.0,0.0,0.0,1.0
Romeo Langford,0.0,0.0,0.0,2.0
Ron Baker,0.0,0.0,0.0,0.0
Ron Harper Jr.,0.0,0.0,0.0,1.0
Rondae Hollis-Jefferson,0.0,0.0,0.0,2.0
Ronnie Brewer,0.0,0.0,0.0,1.0
Ronnie Price,0.0,0.0,0.0,1.0
Roy Hibbert,0.0,0.0,0.0,2.0
Royal Ivey,0.0,0.0,0.0,1.0
Royce O'Neale,0.0,0.0,0.0,3.0
Rudy Gay,0.0,0.0,0.0,3.0
Rudy Gobert,0.5,0.3333333333333333,0.4,3.0
Rui Hachimura,0.0,0.0,0.0,1.0
Russ Smith,0.0,0.0,0.0,2.0
Russell Westbrook,0.0,0.0,0.0,2.0
Ryan Anderson,0.0,0.0,0.0,5.0
Ryan Broekhoff,0.0,0.0,0.0,1.0
Ryan Hollins,0.0,0.0,0.0,1.0
Ryan Kelly,0.0,0.0,0.0,1.0
Saben Lee,0.0,0.0,0.0,1.0
Saddiq Bey,0.0,0.0,0.0,1.0
Salah Mejri,0.0,0.0,0.0,1.0
Sam Dekker,0.0,0.0,0.0,2.0
Sam Hauser,0.0,0.0,0.0,1.0
Sam Merrill,0.0,0.0,0.0,2.0
Sandro Mamukelashvili,0.0,0.0,0.0,1.0
Santi Aldama,0.0,0.0,0.0,1.0
Sasha Vujacic,0.0,0.0,0.0,1.0
Scottie Barnes,0.0,0.0,0.0,0.0
Scottie Lewis,0.0,0.0,0.0,1.0
Scotty Hopson,0.0,0.0,0.0,1.0
Sean Kilpatrick,0.0,0.0,0.0,2.0
Sean McDermott,0.0,0.0,0.0,1.0
Sebastian Telfair,0.0,0.0,0.0,1.0
Semi Ojeleye,0.0,0.0,0.0,1.0
Serge Ibaka,0.0,0.0,0.0,4.0
Sergio Rodriguez,0.0,0.0,0.0,1.0
Seth Curry,0.0,0.0,0.0,3.0
Shabazz Muhammad,0.0,0.0,0.0,1.0
Shabazz Napier,0.0,0.0,0.0,1.0
Shai Gilgeous-Alexander,0.0,0.0,0.0,1.0
Shake Milton,0.0,0.0,0.0,1.0
Shane Larkin,0.0,0.0,0.0,2.0
Shannon Brown,0.0,0.0,0.0,2.0
Shaquille Harrison,0.0,0.0,0.0,2.0
Sharife Cooper,0.0,0.0,0.0,1.0
Shaun Livingston,0.0,0.0,0.0,2.0
Shawn Marion,0.0,0.0,0.0,1.0
Shawne Williams,0.0,0.0,0.0,1.0
Shelvin Mack,0.0,0.0,0.0,2.0
Sindarius Thornwell,0.0,0.0,0.0,2.0
Skal Labissiere,0.0,0.0,0.0,3.0
Skylar Mays,0.0,0.0,0.0,1.0
Solomon Hill,0.0,0.0,0.0,2.0
Solomon Jones,0.0,0.0,0.0,1.0
Spencer Dinwiddie,0.0,0.0,0.0,2.0
Spencer Hawes,0.0,0.0,0.0,2.0
Stanley Johnson,0.0,0.0,0.0,2.0
Stanley Umude,0.0,0.0,0.0,1.0
Stephen Curry,1.0,1.0,1.0,2.0
Stephen Jackson,0.0,0.0,0.0,1.0
Sterling Brown,0.0,0.0,0.0,2.0
Steve Novak,0.0,0.0,0.0,2.0
Steven Adams,0.0,0.0,0.0,4.0
Svi Mykhailiuk,0.0,0.0,0.0,2.0
T.J. McConnell,0.0,0.0,0.0,5.0
T.J. Warren,0.0,0.0,0.0,1.0
Tacko Fall,0.0,0.0,0.0,3.0
Taj Gibson,0.5,1.0,0.6666666666666666,1.0
Tari Eason,0.0,0.0,0.0,1.0
Taurean Prince,0.0,0.0,0.0,3.0
Tayshaun Prince,0.0,0.0,0.0,2.0
Terance Mann,0.0,0.0,0.0,1.0
Terence Davis,0.0,0.0,0.0,1.0
Terrence Jones,0.0,0.0,0.0,1.0
Terrence Ross,0.0,0.0,0.0,1.0
Terry Rozier,0.0,0.0,0.0,4.0
Terry Taylor,0.0,0.0,0.0,2.0
Thaddeus Young,1.0,0.5,0.6666666666666666,2.0
Thanasis Antetokounmpo,0.0,0.0,0.0,4.0
Theo Maledon,0.0,0.0,0.0,1.0
Theo Pinson,0.0,0.0,0.0,2.0
Thomas Bryant,0.0,0.0,0.0,4.0
Thomas Robinson,0.0,0.0,0.0,1.0
Thomas Welsh,0.0,0.0,0.0,1.0
Thon Maker,0.0,0.0,0.0,1.0
Tiago Splitter,0.0,0.0,0.0,3.0
Tim Duncan,1.0,0.5,0.6666666666666666,2.0
Tim Frazier,0.0,0.0,0.0,3.0
Tim Hardaway Jr.,0.0,0.0,0.0,0.0
Tim Quarterman,0.0,0.0,0.0,2.0
Timofey Mozgov,0.0,0.0,0.0,3.0
Timothe Luwawu-Cabarrot,0.0,0.0,0.0,1.0
Tobias Harris,0.0,0.0,0.0,7.0
Tomas Satoransky,0.0,0.0,0.0,0.0
Toney Douglas,0.0,0.0,0.0,2.0
Tony Allen,0.0,0.0,0.0,1.0
Tony Bradley,0.0,0.0,0.0,1.0
Tony Parker,1.0,1.0,1.0,1.0
Tony Snell,0.0,0.0,0.0,4.0
Tony Wroten,0.0,0.0,0.0,2.0
Torrey Craig,0.0,0.0,0.0,1.0
Trae Young,1.0,1.0,1.0,1.0
Travis Wear,0.0,0.0,0.0,1.0
Tre Jones,0.0,0.0,0.0,2.0
Tremont Waters,0.0,0.0,0.0,1.0
Trendon Watford,0.0,0.0,0.0,1.0
Trent Forrest,0.0,0.0,0.0,2.0
Trevelin Queen,0.0,0.0,0.0,1.0
Treveon Graham,0.0,0.0,0.0,2.0
Trevon Duval,0.0,0.0,0.0,1.0
Trevor Ariza,0.0,0.0,0.0,4.0
Trevor Booker,0.0,0.0,0.0,1.0
Trevor Keels,0.0,0.0,0.0,1.0
Trey Burke,0.0,0.0,0.0,4.0
Trey Lyles,0.0,0.0,0.0,2.0
Trey Murphy III,0.0,0.0,0.0,1.0
Tristan Thompson,0.0,0.0,0.0,1.0
Troy Brown Jr.,0.0,0.0,0.0,2.0
Troy Daniels,0.0,0.0,0.0,1.0
Ty Jerome,0.0,0.0,0.0,3.0
Ty Lawson,0.0,0.0,0.0,1.0
Tyler Cook,0.0,0.0,0.0,2.0
Tyler Ennis,0.0,0.0,0.0,2.0
Tyler Hansbrough,0.0,0.0,0.0,1.0
Tyler Herro,0.0,0.0,0.0,2.0
Tyler Johnson,0.0,0.0,0.0,2.0
Tyler Lydon,0.0,0.0,0.0,1.0
Tyler Ulis,0.0,0.0,0.0,1.0
Tyler Zeller,0.0,0.0,0.0,3.0
Tyrell Terry,0.0,0.0,0.0,2.0
Tyrese Haliburton,0.0,0.0,0.0,2.0
Tyrese Maxey,0.0,0.0,0.0,2.0
Tyshawn Taylor,0.0,0.0,0.0,1.0
Tyson Chandler,0.0,0.0,0.0,3.0
Tyus Jones,0.0,0.0,0.0,4.0
Udonis Haslem,0.0,0.0,0.0,2.0
Vander Blue,0.0,0.0,0.0,1.0
Vernon Carey Jr.,0.0,0.0,0.0,1.0
Viacheslav Kravtsov,0.0,0.0,0.0,1.0
Victor Oladipo,0.0,0.0,0.0,2.0
Vince Carter,1.0,0.2,0.33333333333333337,5.0
Vincent Poirier,0.0,0.0,0.0,1.0
Vladimir Radmanovic,0.0,0.0,0.0,1.0
Vlatko Cancar,0.0,0.0,0.0,2.0
Wade Baldwin IV,0.0,0.0,0.0,1.0
Wayne Ellington,0.0,0.0,0.0,2.0
Wayne Selden,0.0,0.0,0.0,2.0
Wendell Carter Jr.,0.0,0.0,0.0,0.0
Wes Iwundu,0.0,0.0,0.0,2.0
Wesley Johnson,0.0,0.0,0.0,2.0
Wesley Matthews,0.0,0.0,0.0,6.0
Will Barton,0.0,0.0,0.0,1.0
Will Bynum,0.0,0.0,0.0,1.0
Will Cherry,0.0,0.0,0.0,1.0
Willie Cauley-Stein,0.0,0.0,0.0,3.0
Willie Green,0.0,0.0,0.0,1.0
Willie Reed,0.0,0.0,0.0,2.0
Willy Hernangomez,0.0,0.0,0.0,2.0
Wilson Chandler,0.0,0.0,0.0,1.0
Xavier Cooks,0.0,0.0,0.0,1.0
Xavier Henry,0.0,0.0,0.0,1.0
Xavier Moon,0.0,0.0,0.0,1.0
Xavier Rathan-Mayes,0.0,0.0,0.0,1.0
Xavier Silas,0.0,0.0,0.0,1.0
Xavier Sneed,0.0,0.0,0.0,2.0
Yuta Watanabe,0.0,0.0,0.0,2.0
Yves Pons,0.0,0.0,0.0,1.0
Zach LaVine,0.0,0.0,0.0,0.0
Zach Norvell Jr.,0.0,0.0,0.0,1.0
Zach Randolph,0.0,0.0,0.0,1.0
Zaza Pachulia,0.0,0.0,0.0,3.0
Zeke Nnaji,0.0,0.0,0.0,1.0
Zhaire Smith,0.0,0.0,0.0,1.0
Zhou Qi,0.0,0.0,0.0,1.0
Ziaire Williams,0.0,0.0,0.0,1.0
Zion Williamson,0.0,0.0,0.0,1.0
accuracy,0.09607498535442296,0.09607498535442296,0.09607498535442296,0.09607498535442296
macro avg,0.05835566308629532,0.062456006445320775,0.050753029003251626,1707.0
weighted avg,0.11530646093475619,0.09607498535442296,0.08826481076041709,1707.0
